GEOID,Female.,Age.5.65.,X.15property.,nodiploma.,X.livingalone,X.minority,X.unemployment,X.language,X.renthouse,Novehicle.,X.noinsurance,X.disability,X.computer,X.nointernet,X.nophone,comfa,comfanormal,facility,facilitynormal,NDVI,ndvi-,road,roadnormal,green,green-,X.building,health,,Zscore,,
40017300201,0.531109258,0.251376147,0.020006782,0.104470697,0.023019035,0.257547957,0.024862486,0,0.064187694,0.014574362,0.080868839,0.058312448,0.042939354,0.071713147,0,208.454849,0.606036079,3023.156976,0.399177257,0.596109428,0.403890572,0.001530862,0.071707267,0.902842036,0.097157964,0.011192701,0.032034961,3.166185006,-1.172974384,,4.266408131
40017300802,0.435800604,0.249748238,0.027693857,0.040075614,0.208513709,0.291792548,0.033054849,0.009633396,0.124098124,0.059824369,0.108509567,0.155840886,0.020923521,0.013708514,0.013708514,208.9080736,0.626781661,792.5346674,0.096802446,0.538488643,0.461511357,0.001017495,0.046565142,0.69225164,0.30774836,0.070287684,0.069717469,3.472340429,-0.846574672,,0.93797718
40017300803,0.506097561,0.209984756,0,0.031067961,0.054054054,0.082317073,0.006914434,0,0.067101584,0,0.040015244,0.078887195,0,0.009319664,0,207.8388167,0.577838251,3586.039679,0.475479529,0.583201629,0.416798371,0.002075206,0.098366489,0.894362522,0.105637478,0.007675018,0.02048373,2.788038393,-1.576125648,,
40017300804,0.518290709,0.166396892,0,0.093721973,0.042237443,0.448688896,0.00351803,0.072529783,0.173515982,0.186440678,0.031454784,0.076998689,0,0,0.019406393,209.2136612,0.640769412,1964.91352,0.255725735,0.531876855,0.468123145,0.002392416,0.113901835,0.737686483,0.262313517,0.033132982,0,3.607166878,-0.702832929,,
40017300805,0.483804053,0.202170097,0.028288317,0.05539882,0.122981956,0.227221956,0.004170756,0,0.115859449,0.01508399,0.124301899,0.101803096,0.055080722,0.040360874,0.007122507,209.8120962,0.668161754,2092.179319,0.27297741,0.515768317,0.484231683,0.002147786,0.101921092,0.710234665,0.289765335,0.015785132,0,3.416490898,-0.90611721,,
40017300806,0.485388806,0.203813769,0.029717682,0.042946812,0.136424731,0.281822684,0,0.013851891,0.08266129,0.061722708,0.085238569,0.155815109,0.047715054,0.180107527,0,207.95344,0.583084937,1831.236659,0.237605,0.545368972,0.454631028,0.00139363,0.064986336,0.768443448,0.231556552,0.035340163,0,3.414430648,-0.908313692,,
40017300901,0.492791815,0.16726089,0.042939079,0.092273373,0.04400166,0.421640056,0.033583564,0.015949493,0.266085513,0.022381873,0.080297628,0.143698651,0,0.02656704,0,199.7284247,0.206598893,1721.07916,0.222672462,0.601090754,0.398909246,0.001885062,0.089054196,0.882806705,0.117193295,0.013679917,0.029861346,2.92743999,-1.427506229,,
40017300904,0.503328402,0.127218935,0.057302326,0.102666334,0.069913211,0.359467456,0.020209225,0.030152672,0.5,0.012843382,0.152306837,0.143968872,0.015429122,0.06219865,0.010607522,199.1639133,0.180759347,1655.301994,0.213755955,0.49052001,0.50947999,0.002467496,0.117578874,0.833371324,0.166628676,0.031634862,0.059236893,3.446687543,-0.873923835,,
40017300905,0.509009813,0.2426405,0.028061224,0.051282051,0.130656109,0.298126673,0.022994129,0.001568627,0.212104072,0.012180268,0.053895509,0.075343721,0.022624434,0.018099548,0.018099548,205.9041583,0.489282563,1173.193541,0.148403138,0.507130671,0.492869329,6.96E-04,0.030819939,0.524839744,0.475160256,0.097526453,0.037488729,3.468236633,-0.850949828,,
40017301001,0.410933082,0.132893497,0.055238095,0.054568528,0.025139665,0.432610745,0.015700483,0.039836568,0.282122905,0,0.10273327,0.088595664,0.008379888,0,0,206.1443949,0.500278984,1080.583831,0.135849312,0.421669756,0.578330244,0.00131685,0.061226039,0.477554352,0.522445648,0.063228418,2.518421053,6.028532088,1.878643173,,
40017301003,0.553960731,0.149221395,0.057913472,0.074613117,0.09693166,0.201624915,0.013399154,0.015023609,0.241980474,0.006006006,0.111171293,0.117400135,0.061018131,0.061018131,0,207.495489,0.562123011,599.7498859,0.070669262,0.531691605,0.468308395,6.37E-04,0.027930416,0.544239681,0.455760319,0.100116349,0.029332434,3.47552241,-0.843182285,,
40017301006,0.493691362,0.162406988,0.040116467,0.07267951,0.095111111,0.302491103,0.022372309,0.05353466,0.067555556,0.037247475,0.044322226,0.099967648,0.014222222,0.049777778,0.012444444,207.38297,0.556972646,791.7769514,0.096699733,0.446936334,0.553063666,0.00118905,0.05496704,0.544083527,0.455916473,0.083252516,0.054672897,3.423485829,-0.898659744,,
40017301010,0.493625852,0.15090424,0.023124815,0.019973947,0.020168067,0.33026979,0.055979644,0,0.108403361,0.013837147,0.098409841,0.063006301,0.021848739,0.021848739,0,205.914122,0.489738634,2444.931865,0.320795225,0.574643877,0.425356123,0.001153016,0.053202276,0.810714629,0.189285371,0.040697797,0.062238267,3.002714177,-1.347254595,,
40017301011,0.492394249,0.173577829,0.067722442,0.112945265,0.011634056,0.372369244,0.00926706,0.018777193,0.2321523,0.019794141,0.11335173,0.114200807,0.038603913,0.038603913,0.005288207,207.225271,0.549754243,1301.071456,0.165737789,0.554688063,0.445311937,8.97E-04,0.040663904,0.722618155,0.277381845,0.06347659,0,3.363008658,-0.963135921,,
40017301012,0.440613027,0.180928054,0.028948489,0.063068526,0.050825921,0.41336739,0.003021148,0.013321084,0.033036849,0,0.034482759,0.139208174,0.059720457,0.059720457,0.059720457,206.7143575,0.526368049,2088.38614,0.272463221,0.540272193,0.459727807,0.001065323,0.048907516,0.635587189,0.364412811,0.066239469,0,3.318101665,-1.011012354,,
40017301013,0.514162954,0.20973902,0.05471367,0.051677433,0.111736683,0.352482495,0.017984876,0.012774655,0.245560849,0.027518172,0.055295825,0.107528615,0.023819835,0.023819835,0.012126462,207.4417429,0.559662875,1052.400278,0.132028855,0.486617962,0.513382038,6.18E-04,0.026999892,0.567251462,0.432748538,0.131895515,0.028391114,3.646050207,-0.66137847,,
40017301014,0.475435203,0.196711799,0.035589942,0.132260704,0.076754386,0.315280464,0.051958024,0.048387097,0.26754386,0.01410061,0.071147024,0.112337406,0.032346491,0.092653509,0,211.1360592,0.728763901,555.1849744,0.06462821,0.479830511,0.520169489,3.58E-04,0.014266404,0.396731474,0.603268526,0.195344016,0.031333964,4.080281029,-0.198434472,,
40017301015,0.52661157,0.079669421,0.025123967,0.071248952,0,0.404628099,0.030889621,0.077742279,0.854166667,0.036425726,0.151404959,0.087272727,0,0.045,0.014166667,208.8008016,0.621871469,442.0329471,0.049289744,0.524269719,0.475730281,0.001121549,0.051661181,0.44591528,0.55408472,0.075861913,0,4.232849964,-0.035777036,,
40017301100,0.537199766,0.244288225,0.041247782,0.061262376,0.161556604,0.165055653,0.019650655,0.01357109,0.238600629,0.038259796,0.073181549,0.128622117,0.029481132,0.053066038,0.011792453,209.0136844,0.631615816,528.2241208,0.060973497,0.471907335,0.528092665,8.03E-04,0.036060259,0.336791148,0.663208852,0.10067485,0.029870566,3.86733237,-0.425464196,,
40017301301,0.589910496,0.193246542,0.074450773,0.118924509,0,0.447518308,0.017769003,0.007176024,0.032051282,0.008414239,0.015459723,0.036615134,0.013888889,0.199786325,0,205.2720185,0.460347442,3039.619025,0.401408791,0.569468607,0.430531393,0.001782627,0.084037446,0.821668806,0.178331194,0.012481218,0,3.322348731,-1.006484454,,
40017301302,0.508361204,0.170371828,0.058719212,0.105033385,0.039370079,0.200668896,0.048303195,0.004185852,0.096737908,0.003762227,0.084260731,0.109300477,0.01856018,0.013498313,0.002249719,205.7530317,0.482365001,1990.160265,0.259148089,0.530455372,0.469544628,0.002558467,0.122034175,0.861737203,0.138262797,0.010146078,0.038010261,2.982894235,-1.368385115,,
40017301406,0.469965309,0.188059156,0.040849973,0.087422167,0.057712487,0.27734161,0.030043967,0.006892477,0.205141658,0.016672579,0.075406244,0.120321344,0.045120672,0.059811123,0.004197272,202.673319,0.341396406,1519.744148,0.195380241,0.570746015,0.429253985,6.67E-05,0,0.91943128,0.08056872,2.09E-04,0.036892609,2.768658999,-1.596786489,,
40017301407,0.54141198,0.243429095,0.0381644,0.07007652,0.060775862,0.289272616,0.02417154,0.004438599,0.115517241,0.0042961,0.084465262,0.121155347,0.036206897,0.03362069,0.006465517,204.0781463,0.405699979,2644.17377,0.347803712,0.63831773,0.36168227,1.71E-04,0.005108088,0.987654321,0.012345679,0.01653724,0.035194983,2.857839617,-1.501708873,,
40017301408,0.499512829,0.236115622,0.021477384,0.087547811,0.030444965,0.19324456,0.003717472,0,0.052693208,0,0.048717116,0.181227671,0.039812646,0.046838407,0,202.4723764,0.332198601,4530.992561,0.603573805,0.627041384,0.372958616,0.003498648,0.168079496,0.94736416,0.05263584,0.004476214,0.097813639,3.073085903,-1.272229593,,
40017301410,0.550678372,0.235833998,0.016813615,0.123685528,0.216134599,0.229848364,0.026219064,0,0.322691976,0.002262443,0.014640995,0.208383474,0.041846419,0.135893011,0.017687662,205.7534805,0.482385544,798.7036551,0.097638691,0.51305883,0.48694117,1.13E-04,0.00226754,0,1,0.00484197,0.037890369,4.254584804,-0.012604996,,
40027201607,0.494764398,0.18815445,0.066743763,0.094254937,0.13658147,0.361910995,0.029037728,0.017169615,0.319888179,0.009943653,0.060561056,0.19339934,0.005990415,0.011980831,0.00399361,201.8292087,0.302758697,1041.186654,0.130508778,0.546739252,0.453260748,9.73E-04,0.044386001,0.721614324,0.278385676,0.070837546,0.033178923,3.307690809,-1.02211162,,
40027201609,0.499804611,0.222938648,0.052474657,0.058127831,0.088614694,0.48339195,0.016623742,0.014007308,0.123948402,0,0.059198724,0.117201515,0.04262479,0.05159843,0,203.675662,0.387276947,1493.365112,0.191804398,0.519299993,0.480700007,6.61E-04,0.029105815,0.644733126,0.355266874,0.130202177,0.043611794,3.448523314,-0.871966675,,
40027201610,0.493767313,0.186057248,0.039445374,0.050171393,0.073646209,0.381578947,0.032354703,0.016711723,0.041877256,0,0.034164358,0.058171745,0.010108303,0.007220217,0,200.9875658,0.264233929,1988.13352,0.258873351,0.556776375,0.443223625,0.001948414,0.092156857,0.846998474,0.153001526,0.031448469,0.045927724,2.71414027,-1.654910227,,
40027201611,0.459756098,0.18902439,0.041056911,0.06381828,0.068836045,0.383739837,0.097689076,0.017605634,0.220275344,0,0.083881579,0.166118421,0.013767209,0.006257822,0,203.0691372,0.359514309,631.8592572,0.075021889,0.509731814,0.490268186,8.50E-04,0.038362082,0.660847167,0.339152833,0.095815992,0.080261969,3.290223905,-1.04073351,,
40027201612,0.493513144,0.25025606,0.062649368,0.104510942,0.10217681,0.380846705,0.066738661,0.004946867,0.285206575,0.006003752,0.103135172,0.223059791,0.039537983,0.061750333,0.02665482,206.0221931,0.494685405,487.6771155,0.055477097,0.44390541,0.55609459,3.40E-04,0.013384855,0.39765861,0.60234139,0.203518316,0.038470635,4.174959271,-0.097495705,,
40027201700,0.47616975,0.174972797,0.015442312,0.081228014,0.026841019,0.335799782,0.020128088,0.007100592,0.050240881,0.012720558,0.035832051,0.078478787,0.002064694,0.023399862,0,201.7113706,0.297364859,2869.051647,0.378287315,0.60412665,0.39587335,0.001867571,0.088197575,0.867139975,0.132860025,0.016517238,0.099706055,2.749225604,-1.617504902,,
40027201801,0.576068734,0.318105616,0.003772003,0.060378274,0.244707041,0.354987427,0.010673624,0.057368309,0.029542097,0.01048218,0.052808047,0.109597653,0.014771049,0.028557361,0.015263417,204.0899458,0.406240081,560.7209699,0.065378649,0.520421748,0.479578252,7.48E-04,0.033366636,0.580555168,0.419444832,0.124964464,0.041226165,3.457281911,-0.862628923,,
40027201802,0.526450512,0.316837315,0.063046757,0.083601286,0.209039548,0.265642776,0.02688172,0.023601399,0.337099812,0.05661435,0.085852479,0.178657799,0.104205901,0.124921532,0.020087884,206.8459591,0.532391888,390.5381029,0.042309296,0.431900472,0.568099528,3.96E-04,0.016127452,0.379811805,0.620188195,0.179706009,0.051179039,4.432542478,0.177119991,,
40027201902,0.474257426,0.184950495,0.054269753,0.054143366,0.07190895,0.292475248,0.021823472,0.021148663,0.334712882,0,0.102178218,0.097029703,0.040351785,0.051733057,0.025349198,208.4218073,0.604523651,314.4020105,0.031988572,0.416165644,0.583834356,3.17E-04,0.012258431,0.332834481,0.667165519,0.197145436,0.045791962,3.969040144,-0.317031075,,
40027201903,0.45938276,0.188719404,0.018155927,0.095518334,0.225570033,0.512947854,0.019933555,0.058202983,0.284201954,0.005325444,0.109025271,0.091696751,0.041530945,0.050488599,0.0252443,207.8164242,0.576813272,450.1999337,0.050396831,0.469312129,0.530687871,5.03E-04,0.021367773,0.390428212,0.609571788,0.163306298,0.061380725,4.199468672,-0.07136564,,
40027201904,0.550205761,0.230452675,0.079012346,0.071773988,0.22136011,0.329218107,0.01511335,0.047346072,0.336376084,0.00526118,0.105415461,0.186854072,0.044728435,0.073482428,0.006846189,208.6320957,0.614149244,517.4964696,0.059519297,0.416523978,0.583476022,3.63E-04,0.014511279,0.332446022,0.667553978,0.207787187,0.041213571,4.491656836,0.24014324,,
40027202002,0.474802372,0.20256917,0.098441751,0.102775236,0.139079334,0.461709486,0.021396731,0.01532567,0.561214496,0,0.154698917,0.151423532,0.08374143,0.147894221,0,204.7914796,0.438351594,581.2920295,0.068167184,0.451917251,0.548082749,8.49E-04,0.038313107,0.453886428,0.546113572,0.108650166,0.043614515,4.406365233,0.149211796,,
40027202005,0.49802545,0.221003364,0.15503876,0.130563798,0.100946372,0.514114378,0.018343419,0.036360724,0.429810726,0.00945122,0.201307384,0.17025702,0.027602524,0.083201893,0,201.9311502,0.307424895,477.1725835,0.054053142,0.527445567,0.472554433,9.63E-04,0.043896251,0.744125326,0.255874674,0.063556539,0.031961769,3.825348736,-0.470223965,,
40027202006,0.497235772,0.189918699,0.163902439,0.071118135,0.107819905,0.470243902,0.068277714,0.026671168,0.787914692,0.061899038,0.135802469,0.218885552,0.081161137,0.073459716,0,207.039326,0.541242928,399.6585369,0.043545628,0.422160977,0.577839023,3.16E-04,0.012209456,0.365418895,0.634581105,0.206917079,0.066152768,5.036798325,0.821331787,,
40027202007,0.498234775,0.141659312,0.098852604,0.09178744,0.029525032,0.503971756,0.024054983,0.014145289,0.195121951,0.019702277,0.113455866,0.125028364,0.005776637,0.031450578,0,202.4997253,0.33345045,1239.583949,0.157402773,0.544319475,0.455680525,9.40E-04,0.042769828,0.801282051,0.198717949,0.048704933,0.053035764,3.182529086,-1.155549565,,
40027202008,0.457208621,0.200460347,0.037907666,0.04029304,0.09137577,0.274115924,0.037319117,0.003396739,0.127310062,0.004416636,0.069762372,0.087202965,0.000513347,0.007186858,0,203.5857252,0.383160243,1350.193127,0.172396539,0.535145336,0.464854664,6.41E-04,0.028126316,0.777777778,0.222222222,0.008598602,0.046666667,2.764494718,-1.601226131,,
40027202107,0.520177947,0.1680966,0.052430887,0.069489185,0.034623218,0.491897045,0.036340852,0.018125855,0.16904277,0.020169161,0.041293214,0.117797695,0.00101833,0.00101833,0,202.3933282,0.328580305,1161.338273,0.146796082,0.559573485,0.440426515,0.00139589,0.065097019,0.877847424,0.122152576,0.017989811,0.071201413,2.93376481,-1.420763185,,
40027202201,0.535836828,0.253717118,0.030308807,0.071700025,0.059076923,0.292985132,0.007825874,0.012925728,0.154461538,0,0.14929414,0.151034616,0.044923077,0.04,0,201.2998234,0.278526988,2349.68888,0.307884443,0.573939193,0.426060807,6.29E-04,0.027538617,0.910278251,0.089721749,0.0452862,0.056641604,3.035750213,-1.312034076,,
40027202205,0.532930989,0.17659407,0.063945759,0.065621056,0.133944954,0.371424823,0.009473862,0.004573389,0.077431193,0.010151027,0.040494347,0.102682093,0.033394495,0.045137615,0,203.3691828,0.373248384,1241.582634,0.157673707,0.486276,0.513724,8.01E-04,0.035962309,0.664017061,0.335982939,0.131779633,0.026346005,3.242516649,-1.09159537,,
40027202301,0.488935722,0.171458678,0.039289478,0.090586845,0.0353902,0.322444679,0.023545176,0.001438619,0.050362976,0.007590133,0.088408644,0.122109717,0.020871143,0.084845735,0,196.045687,0.038027858,3020.292084,0.398788903,0.671127048,0.328872952,0.002110073,0.100074099,0.956754436,0.043245564,0.007241002,0.03457201,2.498100133,-1.88523585,,
40027202302,0.463777704,0.137942441,0.069467416,0.142741117,0.060680607,0.241812769,0.011618748,0.008587304,0.11603116,0,0.13448735,0.183921438,0.056170562,0.120131201,0.011890119,196.0316197,0.037383951,3725.897021,0.494438067,0.71984918,0.28015082,0.001545682,0.072433076,0.984731387,0.015268613,0.006954797,0.033778817,2.699668077,-1.670339383,,
40027202406,0.450906817,0.182614134,0.050836754,0.105785838,0.077562327,0.193871169,0.047738693,0.004943968,0.108033241,0,0.151038389,0.152297042,0.08956602,0.208679594,0.011080332,196.7165222,0.068734194,4417.776123,0.588226609,0.635861707,0.364138293,0.002719252,0.129908613,1,0,0,0,2.985962027,-1.365114468,,
40051000902,0.496084687,0.198230858,0.026833892,0.096157797,0.055355536,0.254640371,0.030877467,0.010670489,0.190369037,0.005253399,0.114273205,0.117046118,0.066156616,0.077407741,0.020252025,201.9999143,0.310572455,5321.305042,0.710705607,0.545291483,0.454708517,0.010879325,0.529547814,0.710526316,0.289473684,0,0.031292399,4.085909714,-0.192433595,,
40051000905,0.505833333,0.196666667,0.026484527,0.05922039,0.077901431,0.194722222,0.013394431,0,0.018282989,0,0.048031276,0.094387043,0.031796502,0.053259141,0,202.3127942,0.324893998,3671.021115,0.486999295,0.556227047,0.443772953,0.020418602,0.996733469,0.918032787,0.081967213,0,0,3.65434688,-0.652533186,,
40087400106,0.547756874,0.184334298,0.040501271,0.056737589,0.125545322,0.262662808,0.010731707,0.007650059,0.220067862,0.003885553,0.054562044,0.128284672,0.032961706,0.045079981,0.005332041,199.4143744,0.192223776,3387.834966,0.44861164,0.562642455,0.437357545,0.006503045,0.315219702,0.84729064,0.15270936,0,0,3.272215811,-1.059932375,,
40109100100,0.544640191,0.172887429,0.110480741,0.129901125,0.151447661,0.472081218,0.02114094,0.074179293,0.508908686,0.011101243,0.166816412,0.115004492,0.058463252,0.118040089,0.057906459,208.1596398,0.592523381,297.249549,0.029663449,0.47062294,0.52937706,2.14E-04,0.007214011,0.514996592,0.485003408,0.153611211,0.051311524,4.561703275,0.314821445,,
40109100201,0.578593272,0.24648318,0.059938838,0.072822823,0.270860077,0.265443425,0.026925954,0.00377596,0.358151476,0,0.144954128,0.086238532,0.044929397,0.044929397,0,210.468234,0.698195342,418.0383497,0.046037127,0.388357049,0.611642951,3.95E-04,0.016078477,0.372599232,0.627400768,0.191010165,0,4.394411289,0.136467407,,
40109100202,0.447,0.181,0.214,0.124604013,0.085470085,0.335,0,0,0.384615385,0.069805195,0.236,0.183,0.094017094,0.156695157,0.028490028,207.3194655,0.554065836,563.1934885,0.065713814,0.501852114,0.498147886,2.25E-04,0.007752735,0.606803797,0.393196203,0.14788332,0,4.206456751,-0.063915479,,
40109100203,0.538872892,0.194570136,0.114356232,0.158349328,0.11942959,0.530645825,0.057591623,0.053587245,0.443850267,0,0.210612916,0.155491567,0.040998217,0.047237077,0,207.6958606,0.571294679,588.9022967,0.069198804,0.475932343,0.524067657,2.04E-04,0.006724261,0.557648402,0.442351598,0.146840625,0.03253371,4.458604249,0.204905077,,
40109100300,0.540499391,0.194884287,0.040305344,0.012736395,0.055673009,0.172350792,0.004506196,0,0.26286117,0.010289074,0.066075252,0.084735393,0.010570825,0.031007752,0,207.0905283,0.543586626,430.5342615,0.047731026,0.522355203,0.477644797,2.69E-04,0.009907633,0.627478754,0.372521246,0.138749,0.060838369,3.137473577,-1.203584334,,
40109100400,0.468335036,0.186414709,0.164453524,0.2,0.08808933,0.91215526,0.010673783,0,0.501240695,0.079064588,0.164964249,0.195097038,0.091811414,0.253101737,0.032258065,204.8918342,0.442945154,311.8300706,0.03163993,0.532444168,0.467555832,3.67E-04,0.014707179,0.636516854,0.363483146,0.088189297,0.108396624,4.86457659,0.637722023,,
40109100500,0.557547715,0.19086177,0.276842716,0.137614679,0.131360947,0.880277617,0.032258065,0.016493586,0.733727811,0.086357947,0.17106034,0.19390744,0.126627219,0.223668639,0.036686391,210.5305722,0.701048767,361.6163493,0.038388771,0.353727091,0.646272909,2.98E-04,0.011327907,0.268692846,0.731307154,0.168894841,0.123729701,6.216262932,2.078787574,,
40109100800,0.475396163,0.060467056,0.161801501,0.125367287,0.023854962,0.409507923,0.083174905,0.013669372,0.54389313,0.006425703,0.330685619,0.182274247,0.076335878,0.101145038,0.019083969,207.831602,0.57750801,279.224498,0.02722004,0.499686665,0.500313335,2.44E-04,0.008683259,0.575757576,0.424242424,0.142666952,0.080540541,4.374257315,0.114980767,,
40109100900,0.47543966,0.1400849,0.023114355,0.054858934,0.103355705,0.243177683,0.023898432,0,0.197315436,0.005763689,0.107944209,0.06852638,0.029530201,0.029530201,0,207.8792308,0.579688137,297.1432986,0.029649046,0.444576274,0.555423726,2.28E-04,0.00789966,0.459605027,0.540394973,0.146607656,0.116358839,3.478561823,-0.839941894,,
40109101000,0.546272494,0.083868895,0.23538961,0.080331412,0.0304679,0.417095116,0.037620924,0.059399258,0.869423286,0.103040541,0.207583548,0.094473008,0.10663765,0.176278564,0.032644178,210.3509965,0.692828996,290.8522058,0.028796249,0.391252678,0.608747322,2.50E-04,0.008977109,0.353575482,0.646424518,0.169165966,0.062719298,5.298185842,1.100003349,,
40109101100,0.528321318,0.167868177,0.129763131,0.081382386,0.042301184,0.420185376,0.024175824,0,0.698815567,0.16572238,0.203319502,0.14626556,0,0.050761421,0.013536379,209.1617789,0.638394589,224.4565828,0.019795907,0.44409066,0.55590934,3.78E-04,0.015245903,0.537078652,0.462921348,0.134934023,0.223508353,4.723127668,0.486919901,,
40109101200,0.533840304,0.159695817,0.122213682,0.037272006,0.096428571,0.236501901,0.045669291,0.008396947,0.694047619,0.027511962,0.184555985,0.181467181,0.047619048,0.053571429,0.004761905,209.3721992,0.648026219,323.4539245,0.033215616,0.42845381,0.57154619,2.04E-04,0.006724261,0.450242718,0.549757282,0.154747099,0.149247492,4.546817807,0.298951688,,
40109101300,0.527421652,0.272792023,0.30407866,0.180851064,0.205,0.942663818,0.046837277,0.011158138,0.645833333,0.024520256,0.125637291,0.202840495,0.2225,0.325,0.07,202.7590731,0.345321654,309.7013969,0.031351375,0.526633149,0.473366851,2.48E-04,0.008879159,0.656840514,0.343159486,0.12511342,0.101623489,5.535949441,1.353488881,,
40109101400,0.479296066,0.248447205,0.314699793,0.111416781,0.292134831,0.974120083,0.054304636,0,0.543820225,0.156549521,0.102484472,0.113871636,0.211235955,0.197752809,0.035955056,208.0079407,0.585579613,293.538149,0.029160345,0.480759447,0.519240553,2.02E-04,0.006626311,0.53082466,0.46917534,0.128167753,0.251035782,5.825074767,1.661732396,,
40109101500,0.503840246,0.186379928,0.176347462,0.09079118,0.073863636,0.757296467,0.013924051,0.014672686,0.548863636,0.106167846,0.119097587,0.135886674,0.079545455,0.185227273,0.027272727,210.1462199,0.683455696,402.4468258,0.043923598,0.407405202,0.592594798,2.74E-04,0.010152508,0.324519231,0.675480769,0.125766834,0.117693237,5.268244294,1.06808194,,
40109101800,0.464285714,0.141666667,0.039015606,0.039358601,0.033121019,0.295833333,0.012151537,0.005198181,0.438216561,0.029590949,0.059756098,0.098170732,0.039490446,0.008917197,0.024203822,209.1387208,0.637339143,227.1875833,0.020166111,0.474972365,0.525027635,1.92E-04,0.006136562,0.494305239,0.505694761,0.189702522,0.108545198,3.721588395,-0.580845378,,
40109101900,0.4843503,0.171040152,0.162664105,0.109026964,0.028436019,0.251343661,0.004663817,0.085674157,0.542992552,0.068829892,0.09313888,0.088167053,0.051455653,0.077860528,0.015572106,209.2571475,0.642759924,294.294558,0.029262881,0.464580029,0.535419971,2.03E-04,0.006675286,0.487859966,0.512140034,0.191441894,0.065878983,4.218794812,-0.050761573,,
40109102000,0.483952398,0.197980527,0.137396322,0.108770421,0.077287066,0.309772809,0.010552976,0.065637066,0.434542587,0.010638298,0.137035701,0.104219257,0.082018927,0.105678233,0.011041009,208.098846,0.589740649,414.6358054,0.04557589,0.512375736,0.487624264,2.05E-04,0.006773236,0.645235362,0.354764638,0.186086319,0.060853739,4.007942332,-0.275556509,,
40109102100,0.5,0.169441724,0.087659158,0.068965517,0.08915145,0.212047013,0.033252721,0.030665281,0.320085929,0.005376344,0.13467189,0.101371205,0.001074114,0.035445757,0.008592911,206.7395826,0.527522685,266.5436115,0.025501067,0.492076813,0.507923187,1.88E-04,0.005940662,0.586148649,0.413851351,0.136949716,0.092271881,3.507761563,-0.808811343,,
40109102200,0.453246753,0.203030303,0.116755793,0.326985854,0.067978533,0.192207792,0.023193096,0.086833412,0.478533095,0,0.296542553,0.111702128,0.099284436,0.135062612,0.020572451,207.0872109,0.543434778,381.0488897,0.041022974,0.501723821,0.498276179,1.97E-04,0.006381437,0.558674902,0.441325098,0.133338551,0.079476139,4.355183966,0.094646208,,
40109102300,0.485362608,0.224550898,0.140385895,0.202788845,0.130636605,0.383898869,0.040609137,0.131347326,0.457559682,0.070594775,0.26746507,0.138389887,0.075596817,0.121352785,0.047745358,208.52238,0.609127195,437.9934481,0.048742165,0.49967565,0.50032435,2.08E-04,0.006920161,0.588036117,0.411963883,0.183298606,0.056108727,4.734769644,0.499331694,,
40109102400,0.456539075,0.223285486,0.107913669,0.340659341,0.07309322,0.755582137,0.048086867,0.243781095,0.548728814,0.010122921,0.36011191,0.116306954,0.093220339,0.201271186,0.011652542,209.1402508,0.637409177,271.4754026,0.026169602,0.487986694,0.512013306,2.17E-04,0.007360936,0.513194834,0.486805166,0.17198659,0.064620832,5.496721164,1.311666666,,
40109102500,0.390031646,0.119462025,0.318037975,0.051028807,0.122199593,0.290348101,0.010699588,0.01703163,0.99592668,0.038309115,0.159739201,0.145884271,0.097759674,0.121181263,0,211.9210325,0.764694715,142.3740911,0.008669112,0.250128712,0.749871288,2.12E-04,0.007116061,0.085205993,0.914794007,0.19952989,0,5.522314641,1.338952492,,
40109103200,0.253785385,0.065174457,0.148205928,0.221733243,0.066997519,0.560895326,0.004400812,0.012020033,0.853598015,0.101030928,0.206299213,0.163779528,0.018610422,0.032258065,0.018610422,213.3140626,0.828458291,179.7469951,0.013735243,0.257124073,0.742875927,2.18E-04,0.007409911,0.1,0.9,0.193662425,0.051943968,5.46548506,1.278365099,,
40109103300,0.409771987,0.082084691,0.229315961,0.279461279,0.034836066,0.406514658,0.020520916,0.119752237,0.55942623,0.04041721,0.376547231,0.166775244,0.153688525,0.19057377,0.139344262,211.1350178,0.728716233,238.0326044,0.021636222,0.375714081,0.624285919,2.11E-04,0.007067086,0.328254848,0.671745152,0.202842465,0.135974178,5.601297521,1.423158053,,
40109103900,0.468911917,0.096632124,0.180569948,0.357196122,0.074774035,0.919689119,0.030840128,0.140879479,0.521774856,0.007526882,0.399222798,0.145595855,0.120788825,0.179129006,0.013968776,205.2141488,0.457698555,376.6975634,0.040433124,0.483343535,0.516656465,4.40E-04,0.01828235,0.5563147,0.4436853,0.085415581,0.061313131,5.280984377,1.081664451,,
40109104100,0.515535828,0.119530755,0.290424857,0.35658559,0.009463722,0.36049461,0.037702762,0.058361775,0.664037855,0.071287129,0.338300571,0.155675333,0.106466877,0.309936909,0.018927445,206.6558208,0.523688632,613.2310823,0.072496723,0.471161667,0.528838333,7.74E-04,0.034639985,0.547794118,0.452205882,0.080601316,0.078060413,5.183263302,0.977481646,,
40109104200,0.469795741,0.154280748,0.120382442,0.577529566,0.077922078,0.561929596,0.0447385,0.22410455,0.420454545,0.014242116,0.305519339,0.048674489,0.061688312,0.125,0,207.9091655,0.581058347,361.5114661,0.038374554,0.476426976,0.523573024,4.87E-04,0.020584173,0.579113924,0.420886076,0.097526252,0.107313997,4.995578445,0.777386274,,
40109104300,0.504797048,0.218819188,0.117560074,0.294184077,0.261691542,0.492250923,0.03514377,0.117288961,0.491542289,0,0.252767528,0.142435424,0.060696517,0.144278607,0,207.5117982,0.562869537,325.111347,0.03344029,0.468287029,0.531712971,2.90E-04,0.010936107,0.492610837,0.507389163,0.151765008,0.070966785,5.002535809,0.784803688,,
40109104400,0.45029554,0.14132187,0.176249328,0.447002779,0.119170984,0.341483074,0.019202899,0.175773345,0.583765112,0.005411906,0.366200967,0.154486835,0.102763385,0.29447323,0.043177893,207.3029064,0.553307871,374.3810768,0.04011911,0.518008563,0.481991437,2.08E-04,0.006920161,0.582023576,0.417976424,0.127013331,0.066747117,5.114854598,0.90454947,,
40109104500,0.485722965,0.112089915,0.215978129,0.40122825,0.034714446,0.324119077,0.035563875,0.180586907,0.482642777,0.006585136,0.390340219,0.143985419,0.123180291,0.24300112,0,207.581341,0.56605274,352.9938346,0.037219936,0.497608342,0.502391658,2.23E-04,0.007654785,0.501928375,0.498071625,0.150229941,0.067216268,5.008575479,0.791242727,,
40109104600,0.472,0.156444444,0.192170819,0.461651917,0.112044818,0.751111111,0.02364395,0.11884058,0.43977591,0,0.468444444,0.086222222,0.18767507,0.19047619,0.086834734,208.869816,0.625030485,282.487912,0.027662417,0.465193839,0.534806161,4.17E-04,0.017155926,0.428308824,0.571691176,0.115979238,0.221561338,5.86122295,1.700270849,,
40109104700,0.342983008,0.173694147,0.282567653,0.243947858,0.103741497,0.288231592,0.124770642,0.003563792,0.909863946,0.018442623,0.353681561,0.169288861,0.090136054,0.379251701,0.034013605,209.2663519,0.643181239,284.2258991,0.027898012,0.392222649,0.607777351,3.65E-04,0.014609229,0.380952381,0.619047619,0.117641922,0.181399046,5.729732958,1.560086183,,
40109104800,0.470978441,0.151464898,0.152294085,0.414297659,0.069306931,0.641791045,0.017234626,0.11852293,0.36039604,0.015272244,0.24212272,0.110281924,0.09009901,0.143564356,0,204.3631355,0.418744873,261.2303179,0.024780817,0.464760978,0.535239022,2.48E-04,0.008879159,0.535137166,0.464862834,0.131948874,0.070723378,4.652805866,0.411948125,,
40109104900,0.528659287,0.169495695,0.154495777,0.362047441,0.04486692,0.342927429,0.021221147,0.170183232,0.404562738,0.011447261,0.218883045,0.116203356,0.108745247,0.185551331,0.038022814,206.2356913,0.504457921,334.0699304,0.034654682,0.513298541,0.486701459,2.29E-04,0.007948635,0.606796117,0.393203883,0.123777574,0.064775965,4.492832839,0.241397005,,
40109105000,0.489583333,0.246685606,0.112322275,0.36751497,0.089153046,0.511837121,0.077662722,0.154656319,0.396731055,0.037844037,0.202651515,0.164772727,0.099554235,0.218424963,0.068350669,209.2311346,0.641569228,280.2446228,0.027358325,0.441867782,0.558132218,3.47E-04,0.01372768,0.423787529,0.576212471,0.138455123,0.094046661,5.287246298,1.088340437,,
40109105101,0.465192465,0.127354627,0.213381555,0.060268892,0.055735057,0.380835381,0.013863216,0,0.794022617,0.005102041,0.031292517,0.115646259,0.006462036,0.012116317,0,207.4245244,0.558874728,332.7573522,0.034476754,0.420479275,0.579520725,4.21E-04,0.017351826,0.392126984,0.607873016,0.129049144,0.101384708,4.309803881,0.0462654,,
40109105201,0.574123989,0.267385445,0.092722372,0.125093075,0.115990991,1.112668464,0.054960742,0,0.38963964,0.039889959,0.069541779,0.256603774,0.209459459,0.26463964,0.045045045,206.4135876,0.51260082,536.2776713,0.062065207,0.55342611,0.44657389,3.67E-04,0.014707179,0.674678591,0.325321409,0.120919567,0.160398671,5.260351117,1.059666832,,
40109105202,0.49375,0.44125,0.1875,0.20361991,0.25,1.01125,0.039823009,0,0.483146067,0,0.10375,0.43875,0.286516854,0.342696629,0,205.5967586,0.475211866,595.5713154,0.070102831,0.51372583,0.48627417,4.09E-04,0.016764127,0.627826087,0.372173913,0.1030653,0.230968858,6.036613534,1.887258999,,
40109105300,0.435931308,0.151915456,0.160832232,0.413585952,0.087682672,0.5,0.022633745,0.091298146,0.438413361,0,0.405217966,0.111955086,0.107515658,0.170146138,0.014613779,203.999672,0.402107952,515.1642679,0.059203153,0.349417332,0.650582668,7.23E-04,0.032142262,0.382799002,0.617200998,0.097043238,0.083531682,5.053553452,0.839194833,,
40109105400,0.490066225,0.184921039,0.148242486,0.378130217,0.127922971,0.501782985,0.033044847,0.046813311,0.530949106,0.0273794,0.349465104,0.17677025,0.129298487,0.207702889,0.035763411,203.1160403,0.361661218,507.3441836,0.058143091,0.424494082,0.575505918,3.84E-04,0.015539753,0.46646457,0.53353543,0.089422339,0.136469933,5.13853041,0.929790827,,
40109105500,0.505931879,0.218140069,0.131995369,0.400848999,0.173277662,0.613471106,0.043035108,0.134665508,0.46868476,0.035827187,0.306544202,0.121699196,0.185803758,0.175365344,0.044885177,208.4883245,0.607568362,257.7102861,0.024303654,0.476580447,0.523419553,2.14E-04,0.007214011,0.534965035,0.465034965,0.155184275,0.066139426,5.409039571,1.218187195,,
40109105600,0.534011299,0.185762712,0.223050847,0.417644966,0.036988111,0.529039548,0.007273987,0.100596125,0.610964333,0.014336918,0.282937853,0.150282486,0.048877147,0.162483487,0.005944518,207.531684,0.563779776,482.0577384,0.054715355,0.494580934,0.505419066,4.27E-04,0.017645676,0.578530105,0.421469895,0.086702977,0.049015824,5.008942906,0.791634449,,
40109105903,0.496350365,0.216756585,0.071088543,0.185732377,0.097717546,0.503649635,0.011020408,0.055081734,0.505706134,0.006190208,0.189146303,0.152967312,0.059201141,0.09700428,0,208.0169414,0.585991605,467.4378839,0.052733543,0.446749604,0.553250396,3.79E-04,0.015294878,0.44899507,0.55100493,0.175131324,0.069047619,4.650066866,0.40902801,,
40109105904,0.49137695,0.192718314,0.105540166,0.179622642,0.164813604,0.406788941,0.027967013,0.111111111,0.473512099,0.016736402,0.187965774,0.136075076,0.056899935,0.164813604,0.046435579,207.4950672,0.562103704,464.3801876,0.052319053,0.451104066,0.548895934,2.88E-04,0.010838157,0.47736405,0.52263595,0.123039553,0.054191695,4.636401256,0.394458773,,
40109105905,0.524778761,0.148377581,0.09246988,0.216831258,0.046948357,0.375516224,0.02351953,0.079910856,0.395931142,0.041009464,0.184660767,0.128908555,0.061815336,0.135367762,0.028169014,207.5966018,0.566751277,544.4144712,0.063168201,0.486502549,0.513497451,2.73E-04,0.010103533,0.551470588,0.448529412,0.170223669,0.072204473,4.328692503,0.066403017,,
40109105906,0.51637044,0.214218896,0.095104459,0.183020478,0.118357488,0.450576863,0.017405719,0.036581076,0.272141707,0,0.190520736,0.150608045,0.107890499,0.145732689,0.032206119,207.7937985,0.57577762,281.0440259,0.027466689,0.509154442,0.490845558,2.11E-04,0.007067086,0.525842697,0.474157303,0.189049607,0.076501955,4.371601031,0.112148839,,
40109105907,0.454620919,0.160763697,0.08908686,0.340344828,0.081542351,0.313503044,0.017094017,0.091551369,0.484197219,0.064823642,0.244881018,0.142501384,0.092920354,0.175094817,0.008217446,207.6598061,0.569644346,339.6889602,0.035416377,0.441746404,0.558253596,3.79E-04,0.015294878,0.478062157,0.521937843,0.154525471,0.052601156,4.668816632,0.42901759,,
40109106000,0.574829932,0.351311953,0.097513408,0.043981481,0.11497006,0.548104956,0.02716763,0.009571788,0.137724551,0.014254386,0.093294461,0.145772595,0.037125749,0.094610778,0.013173653,198.5047313,0.150586415,1296.801687,0.165158996,0.6464461,0.3535539,0.001372634,0.063958058,0.875647356,0.124352644,0.019160083,0.101015965,3.281193442,-1.050361105,,
40109106100,0.506051224,0.309034619,0.186440678,0.104500381,0.139067524,0.861806924,0.056327725,0.00030003,0.209003215,0.042372881,0.134920635,0.197236919,0.099678457,0.17926045,0.008038585,201.9344101,0.307574112,747.8159175,0.090740539,0.562126867,0.437873133,0.001159056,0.053498085,0.714805071,0.285194929,0.043564488,0.073811772,4.326297305,0.063849439,,
40109106200,0.506134969,0.382822086,0.059222702,0.083737024,0.120646766,0.919631902,0.025464556,0,0.247512438,0,0.08404908,0.183435583,0.288557214,0.364427861,0,204.7267504,0.435388725,463.9219318,0.052256933,0.529788206,0.470211794,7.67E-04,0.03429716,0.629825812,0.370174188,0.067733099,0.147580645,4.843284726,0.615022251,,
40109106301,0.533333333,0.254545455,0.206739526,0.125277654,0.162399415,0.757878788,0.068132816,0.047337278,0.673738113,0.047661871,0.136363636,0.216969697,0.217264082,0.234089247,0.028529627,207.1912232,0.548195763,249.4846229,0.023188614,0.46833164,0.53166836,2.76E-04,0.010250458,0.501157407,0.498842593,0.145640167,0.070918225,5.538964718,1.356703542,,
40109106302,0.494075328,0.143884892,0.215192552,0.15820802,0.031684269,0.792001693,0.059903672,0.007834101,0.571984436,0.080910853,0.156116339,0.112275449,0.109505281,0.117287382,0.042245692,207.8484753,0.578280357,536.5237713,0.062098567,0.488158989,0.511841011,4.80E-04,0.020241349,0.585348302,0.414651698,0.09288148,0.052673094,4.825777514,0.596357389,,
40109106303,0.470528712,0.151783456,0.092655074,0.123728257,0.032360743,0.244877308,0.016894087,0.147943693,0.683819629,0.022131148,0.288905814,0.071337903,0.05994695,0.074801061,0.020159151,207.5504402,0.564638309,550.9935964,0.064060042,0.505958268,0.494041732,2.57E-04,0.009319934,0.550206845,0.449793155,0.156638914,0.060371611,4.300736683,0.03659864,,
40109106402,0.489410681,0.314917127,0.035201482,0.018338109,0.143295803,0.379373849,0.026169265,0,0.115660184,0.016710642,0.066758748,0.068139963,0.008188332,0.017400205,0,206.8707033,0.533524512,431.891479,0.047915005,0.493072588,0.506927412,2.41E-04,0.008536335,0.528548979,0.471451021,0.199721902,0.079368213,3.547008789,-0.766968924,,
40109106403,0.556436852,0.201749034,0.128126907,0.070543375,0.083743842,0.305674192,0.007004436,0.011650074,0.289408867,0.006973501,0.116146152,0.135333742,0.029967159,0.029967159,0,206.4123061,0.512542162,383.6337175,0.041373363,0.500469109,0.499530891,3.71E-04,0.014903079,0.593093093,0.406906907,0.146014533,0.036695758,3.630691985,-0.677752243,,
40109106501,0.501680108,0.385080645,0.051641587,0.010732081,0.214409222,0.224462366,0.001149866,0.004415011,0.276657061,0.02039749,0.031068624,0.106179583,0.031123919,0.025360231,0,208.2076773,0.594722216,320.2530787,0.032781721,0.463590718,0.536409282,3.16E-04,0.012209456,0.460916442,0.539083558,0.211879557,0.059494122,3.870937706,-0.42162046,,
40109106502,0.524126456,0.179225101,0.113559322,0.109838473,0.142552056,0.451152841,0.063294716,0.046663322,0.490122798,0.032808399,0.17684811,0.126693606,0.038441004,0.064602242,0.033101975,209.5811824,0.657592068,382.5003597,0.04121973,0.443661326,0.556338674,2.41E-04,0.008536335,0.448442697,0.551557303,0.187255604,0.053292918,4.648823053,0.407701951,,
40109106503,0.507462687,0.39800995,0.048507463,0.037659718,0.139588101,0.307835821,0.006662225,0.004469987,0.242562929,0,0.03420398,0.154850746,0.037757437,0.068649886,0,208.9891353,0.630492122,321.9911671,0.03301733,0.402803604,0.597196396,6.83E-04,0.030183264,0.38006663,0.61993337,0.140544926,0.124894515,4.164482854,-0.108664867,,
40109106601,0.60474198,0.192747559,0.242295731,0.152447552,0.065104167,0.59665272,0.035184546,0.018785222,0.521484375,0.009294697,0.309060119,0.130680215,0.041015625,0.153645833,0.021484375,207.5223458,0.563352335,399.9447922,0.043584432,0.450682578,0.549317422,2.34E-04,0.00819351,0.444569711,0.555430289,0.164164149,0.066799601,5.045466454,0.830573089,,
40109106602,0.527887729,0.176322418,0.119107593,0.128521127,0.046672429,0.500179921,0.024664647,0.029312289,0.656006914,0,0.227683412,0.150704734,0.009507347,0.064822818,0,206.770681,0.528946161,285.7716163,0.028107543,0.488506931,0.511493069,3.73E-04,0.015001028,0.546055349,0.453944651,0.1574955,0.073542074,4.429923405,0.174327734,,
40109106606,0.521676301,0.231695568,0.040944123,0.030625832,0.180677541,0.385356455,0.014248705,0.009057006,0.245922208,0.023978686,0.10982659,0.117533719,0.04642409,0.057716437,0,209.0019929,0.631080657,373.2155117,0.03996111,0.4617216,0.5382784,2.94E-04,0.011132007,0.439486553,0.560513447,0.200172318,0.091366552,4.088187753,-0.190004923,,
40109106607,0.492787754,0.215189873,0.138062997,0.077669903,0.105393676,0.490138357,0.050628366,0.051007557,0.539987601,0.06109134,0.167356594,0.138971023,0.066955983,0.151890887,0,209.8288846,0.668930214,358.6450927,0.037985999,0.427151213,0.572848787,2.82E-04,0.010544308,0.368222537,0.631777463,0.203925931,0.060700389,4.933845002,0.711570755,,
40109106608,0.56019656,0.26016926,0.065601825,0.073489011,0.176277851,0.354081354,0.010476512,0.018759455,0.351245085,0.018483412,0.05389049,0.089337176,0.04587156,0.051769332,0.00655308,207.2998518,0.553168052,440.4461637,0.049074646,0.442526871,0.557473129,3.51E-04,0.013923579,0.442884148,0.557115852,0.146501714,0.057850404,4.07130934,-0.207999408,,
40109106609,0.585774059,0.20083682,0.005230126,0.055555556,0.098455598,0.30125523,0.045238095,0.015435502,0.291505792,0.017628205,0.166317992,0.114016736,0.011583012,0,0,208.284424,0.598235165,272.7370787,0.02634063,0.425133944,0.574866056,2.41E-04,0.008536335,0.389728097,0.610271903,0.192695013,0.135004042,4.054781867,-0.225619747,,
40109106610,0.534313725,0.274509804,0.301820728,0.049193548,0.280860702,0.68697479,0.066510172,0.007309942,0.432616082,0.019578313,0.111344538,0.100140056,0.026047565,0.235560589,0,210.6706393,0.707460099,199.2254031,0.016375663,0.334417136,0.665582864,3.20E-04,0.012405356,0.178033022,0.821966978,0.203078623,0.134696756,5.688346893,1.515963497,,
40109106611,0.569762923,0.213758259,0.132520645,0.100671141,0.097276265,0.513797124,0.046688899,0.058413252,0.851361868,0.100737101,0.227290602,0.184034605,0.098054475,0.102723735,0,210.2141315,0.686564234,122.005602,0.005908035,0.322066747,0.677933253,3.62E-04,0.014462304,0.172824791,0.827175209,0.170374755,0.085726644,5.765235328,1.59793612,,
40109106704,0.526717557,0.321034775,0.051126516,0.064042303,0.212307692,0.27735369,0.02383532,0.012436665,0.393846154,0,0.125106022,0.229431722,0.093333333,0.135384615,0.012307692,195.5717992,0.016336452,1108.740491,0.139666124,0.687072424,0.312927576,0.002149095,0.1019852,0.948224852,0.051775148,0,0.091618368,3.192572924,-1.144841586,,
40109106705,0.496857426,0.294409527,0.0476348,0.083178439,0.124176858,0.414488918,0.016333938,0.040366972,0.27939793,0.013470681,0.181276877,0.144558386,0.031044214,0.030103481,0,209.701557,0.66310201,229.3622231,0.020460897,0.43244988,0.56755012,2.80E-04,0.010446358,0.300982801,0.699017199,0.219999792,0.093088656,4.470963479,0.218081551,,
40109106706,0.58850637,0.342369206,0.155068493,0.169303265,0.20855615,0.437516942,0.02923588,0.011179759,0.501604278,0.13229104,0.045084193,0.19581749,0.071122995,0.071657754,0,205.3298584,0.462994965,440.455904,0.049075966,0.496011487,0.503988513,0.001103752,0.050789574,0.615384615,0.384615385,0.118540376,0.051709951,4.581028546,0.335424585,,
40109106708,0.525219298,0.300804094,0.008040936,0.085638999,0.156880734,0.358552632,0.022553191,0.065344224,0.013761468,0,0.119517544,0.106359649,0.027522936,0.016513761,0,206.980051,0.538529716,750.0558778,0.09104418,0.492768221,0.507231779,0.001958923,0.092671535,0.693731858,0.306268142,0.054992305,0.082322275,3.479769398,-0.838654468,,
40109106709,0.639211723,0.245073269,0.130368873,0.257663629,0.046639232,0.557352198,0.019716088,0.036521739,0.613168724,0.01653944,0.113188479,0.17079333,0.108367627,0.108367627,0.030178326,211.0590366,0.725238323,377.9995268,0.040609614,0.41651758,0.58348242,3.34E-04,0.013091005,0.260236579,0.739763421,0.211049135,0,5.406384222,1.215356264,,
40109106710,0.488268752,0.18929968,0.167867435,0.147129764,0.09077527,0.591361536,0.055654497,0.052469729,0.738469087,0.028687141,0.246217579,0.176512968,0.024533857,0.076545633,0.044160942,209.4733228,0.652654979,317.4959512,0.032407975,0.413292986,0.586707014,6.03E-04,0.026265268,0.299256506,0.700743494,0.213579189,0.03305718,5.36336897,1.169496661,,
40109106804,0.503929867,0.192563482,0.165849172,0.172441908,0.096111519,0.417775091,0.028827425,0.043998706,0.494497432,0.032807571,0.216431637,0.189454323,0.071166544,0.099779897,0,208.2006518,0.594400635,221.5458845,0.019401344,0.418038634,0.581961366,3.31E-04,0.01294408,0.340044743,0.659955257,0.154059656,0.054737687,4.803094599,0.572174583,,
40109106902,0.470088925,0.234842361,0.079268293,0.259798432,0.131642512,0.336701698,0.008583691,0.050644158,0.311594203,0.085616438,0.143494122,0.188488042,0.149758454,0.20410628,0,204.8570728,0.441354011,333.6468348,0.034597329,0.54899961,0.45100039,3.28E-04,0.012797156,0.637514384,0.362485616,0.148791059,0.086053412,4.191706581,-0.079640992,,
40109106903,0.491863905,0.220414201,0.067025622,0.081386191,0.127015144,0.390162722,0.016333938,0.04077211,0.367366878,0.017715793,0.063539525,0.174733695,0.049340498,0.125549585,0.011235955,196.6554644,0.065939378,470.6463197,0.053168466,0.474555666,0.525444334,0.002028725,0.096090085,0.856837607,0.143162393,0.039355473,0.033712317,3.201328208,-1.135507366,,
40109106906,0.544244844,0.308383234,0.097777778,0.123222749,0.221489161,0.29241517,0.048849225,0.080498866,0.397737983,0,0.251965812,0.135042735,0.053722903,0.107445806,0,208.596479,0.61251895,498.4618082,0.05693903,0.461096385,0.538903615,2.54E-04,0.009173009,0.437923251,0.562076749,0.225301632,0.078171846,4.745881097,0.511177883,,
40109106907,0.53460039,0.12962963,0.064351379,0.236187845,0.080821918,0.325536062,0.029392554,0.109201213,0.321917808,0.080765143,0.251949318,0.14619883,0.093150685,0.169863014,0.083561644,205.4410592,0.468084992,367.0881315,0.039130506,0.5331891,0.4668109,3.29E-04,0.01284613,0.617663818,0.382336182,0.158582574,0.093163972,4.278082689,0.012446669,,
40109106909,0.468524252,0.228586171,0.114035088,0.17083052,0.135021097,0.379772962,0.028839705,0.008503401,0.376933896,0.013729977,0.19504644,0.183178535,0.081575246,0.087201125,0.007032349,203.9399003,0.399372004,687.1546358,0.082517523,0.563788614,0.436211386,3.85E-04,0.015588728,0.715357968,0.284642032,0.131281049,0.141556728,3.969980214,-0.316028843,,
40109106910,0.474209651,0.175041597,0.203530979,0.105477592,0.216239316,0.466222962,0.077449722,0.01631378,0.512820513,0.008553655,0.154742097,0.199001664,0.077777778,0.169230769,0.011965812,203.3313819,0.371518112,705.8303702,0.085049136,0.618817092,0.381182908,4.45E-04,0.018527225,0.822894168,0.177105832,0.086355965,0.102871287,4.091188352,-0.186805911,,
40109106911,0.481922399,0.201499118,0.046542553,0.142520612,0.088495575,0.502645503,0.098128191,0.051591128,0.155499368,0.009174312,0.229341582,0.116659302,0.044247788,0.044247788,0,200.8543646,0.258136871,707.3579359,0.085256207,0.530382283,0.469617717,8.24E-04,0.037088733,0.782326951,0.217673049,0.081096802,0.114415954,3.475800552,-0.842885751,,
40109106912,0.494414564,0.126189491,0.206207483,0.259055982,0.089060987,0.829954489,0.072471606,0.022346369,0.628267183,0.113891286,0.32,0.143655914,0.198451113,0.212003872,0.025169409,205.2740907,0.460442294,522.2358478,0.060161749,0.463400116,0.536599884,0.001060318,0.048662396,0.563266624,0.436733376,0.104027177,0.075918367,5.463684991,1.276446002,,
40109106913,0.506456241,0.180296509,0.259720457,0.277163305,0.056564246,0.612386418,0.053638645,0.10786106,0.608240223,0.077284946,0.272835964,0.148971784,0.166201117,0.250698324,0.037011173,206.642157,0.523063195,341.9002062,0.035716125,0.405783022,0.594216978,6.90E-04,0.030526089,0.421936633,0.578063367,0.157273408,0.05517418,5.589363753,1.410435174,,
40109106914,0.433435181,0.185945002,0.242123816,0.281240013,0.062465142,0.524879965,0.038823529,0.122031507,0.717233687,0.101793505,0.178012778,0.166336197,0.082543224,0.126045733,0.011712214,203.541666,0.381143508,452.770375,0.05074527,0.547975933,0.452024067,4.57E-04,0.019114925,0.665162085,0.334837915,0.115642616,0.061797148,4.689926942,0.451523803,,
40109106916,0.42893294,0.189371573,0.11935892,0.360174782,0.211810013,0.715309996,0.097122302,0.356067733,0.761232349,0.06261343,0.44749051,0.128637706,0.026957638,0.189987163,0.019255456,207.7936767,0.575772044,466.8298024,0.052651113,0.491151839,0.508848161,5.03E-04,0.021367773,0.586538462,0.413461538,0.153013676,0.038313925,5.877750741,1.717891528,,
40109106917,0.456284879,0.154132341,0.350518204,0.268555467,0.022160665,0.535211268,0.053885201,0.133794694,0.658356417,0.074880871,0.357959075,0.177783683,0.114496768,0.147737765,0.013850416,207.4099076,0.558205669,352.1613017,0.037107081,0.481143215,0.518856785,5.78E-04,0.025040894,0.536777092,0.463222908,0.167336912,0,5.289377962,1.090613056,,
40109107001,0.518441558,0.136277056,0.153939394,0.473765831,0.043049793,0.422164502,0.025237381,0.118247072,0.505705394,0.074782609,0.37038961,0.134025974,0.106846473,0.237033195,0.025414938,206.4208902,0.512935084,584.4271359,0.068592168,0.500888855,0.499111145,4.30E-04,0.017792601,0.597159458,0.402840542,0.100066103,0.041767205,4.988425628,0.769760482,,
40109107002,0.462071778,0.204730832,0.150081566,0.376910017,0.085514834,0.422512235,0.05917454,0.065217391,0.529668412,0.005395683,0.228442991,0.131589702,0.062827225,0.10122164,0.010471204,209.2197406,0.641047687,547.6917155,0.063612452,0.34020486,0.65979514,7.85E-04,0.03517871,0.336288535,0.663711465,0.120224951,0.111470282,5.190870736,0.985592116,,
40109107103,0.446145993,0.177641654,0.174578867,0.348998459,0.077477477,0.62531904,0.091630592,0.095211581,0.481081081,0.057724958,0.24042879,0.188871873,0.09009009,0.082882883,0,208.5041633,0.608293356,538.4541837,0.062360246,0.496324257,0.503675743,2.15E-04,0.007262986,0.483942414,0.516057586,0.177751725,0.124202823,5.177687804,0.971537472,,
40109107104,0.584388186,0.256329114,0.196905767,0.35617104,0.262040816,0.695147679,0.059849199,0.115919629,0.622857143,0.014218009,0.226441632,0.157172996,0.191020408,0.173061224,0.033469388,207.3645838,0.556131049,645.8545485,0.076919038,0.494248163,0.505751837,3.21E-04,0.012454331,0.573860516,0.426139484,0.118938181,0.085665991,5.726992141,1.557164132,,
40109107206,0.494856887,0.203264758,0.151362491,0.211222186,0.128817324,0.590116279,0.040602891,0.067845198,0.599111605,0.032032032,0.231227106,0.149267399,0.054414214,0.166018878,0.03053859,208.1268014,0.591020259,286.9697011,0.028269951,0.426458797,0.573541203,3.88E-04,0.015735653,0.428081212,0.571918788,0.162640861,0.050762732,5.144587285,0.936248208,,
40109107207,0.57187017,0.215868109,0.144255538,0.177146721,0.104238259,0.373518805,0.028049576,0.092841163,0.630011455,0.048892989,0.169500258,0.13755796,0.050400916,0.116838488,0,205.1400068,0.454304832,287.2559762,0.028308758,0.441174132,0.558825868,5.96E-04,0.025922443,0.49282111,0.50717889,0.10500137,0.109939148,4.650471716,0.40945963,,
40109107212,0.451878354,0.155992844,0.113288977,0.15479723,0.162416107,0.444722719,0.041847042,0.017445132,0.520357942,0.038161994,0.138624529,0.154426288,0.106487696,0.124832215,0.038478747,208.8547099,0.624339029,446.34899,0.049874811,0.449813322,0.550186678,3.35E-04,0.01313998,0.439879485,0.560120515,0.159918911,0.033008908,4.654346648,0.41359079,,
40109107213,0.502915745,0.165895838,0.12376537,0.270240089,0.048523207,0.499095114,0.033631679,0.068447781,0.635021097,0.024252923,0.170721898,0.240498693,0.091244726,0.116033755,0.027953586,207.982091,0.584396388,475.6590633,0.053847975,0.453149102,0.546850898,2.62E-04,0.009564809,0.441610203,0.558389797,0.164867007,0.046617162,4.982775536,0.763736783,,
40109107214,0.536440413,0.305911792,0.083012821,0.173465006,0.218421053,0.393181107,0.043693322,0.057799443,0.353508772,0,0.210822646,0.098217079,0.176315789,0.176315789,0.030701754,207.3900927,0.557298675,358.9884232,0.03803254,0.488779489,0.511220511,5.50E-04,0.023669595,0.522110163,0.477889837,0.173769347,0.075152603,4.714839894,0.478084105,,
40109107215,0.470974521,0.235355923,0.166712976,0.31714922,0.096023278,0.505910165,0.018189509,0.148885587,0.390882638,0.015010722,0.266481224,0.14798331,0.098933075,0.141610087,0.010669253,209.780163,0.666700066,458.9794663,0.051586951,0.480471987,0.519528013,2.27E-04,0.007850685,0.453107345,0.546892655,0.21904296,0.061920281,5.104293099,0.8932896,,
40109107216,0.508076923,0.218076923,0.206677266,0.297493036,0.089968976,0.627307692,0.064779532,0.134934498,0.680455016,0.091690544,0.210254372,0.139109698,0.076525336,0.100310238,0.038262668,209.1747531,0.638988461,392.8086778,0.042617087,0.456583218,0.543416782,3.15E-04,0.012160481,0.460157127,0.539842873,0.172685392,0.078090235,5.511724028,1.327661583,,
40109107217,0.582171525,0.193493874,0.106041403,0.252377933,0.056844548,0.414871145,0.071514423,0.180461983,0.249419954,0.019372694,0.291930714,0.102661597,0.054524362,0.100928074,0,207.4483751,0.559966453,332.2059223,0.034402004,0.485299342,0.514700658,3.16E-04,0.012209456,0.561167228,0.438832772,0.139327674,0.121955044,4.49800829,0.246914679,,
40109107218,0.503607103,0.19145394,0.133724176,0.323475046,0.11755102,0.519700333,0.015751575,0.114942529,0.619591837,0.033557047,0.207824639,0.222253052,0.222857143,0.316734694,0.027755102,210.2035549,0.686080108,241.4056436,0.022093458,0.42214422,0.57785578,3.31E-04,0.01294408,0.33372434,0.66627566,0.172440671,0.076838235,5.785307228,1.619335259,,
40109107219,0.493587832,0.201312258,0.079331942,0.157643312,0.079207921,0.426483746,0.032120926,0.110962119,0.362376238,0,0.271696988,0.129734566,0.120792079,0.092079208,0.008910891,207.9297215,0.581999263,234.9517604,0.021218594,0.483229348,0.516770652,2.08E-04,0.006920161,0.459887006,0.540112994,0.168205179,0.079829452,4.481296321,0.229097644,,
40109107220,0.411355736,0.199304751,0.219455434,0.205065926,0.14889336,0.504519119,0.0253979,0.105459057,0.645875252,0.075443038,0.25608343,0.175434531,0.228034876,0.376928236,0.060362173,208.2604707,0.597138743,274.6710643,0.026602794,0.442561322,0.557438678,2.35E-04,0.008242485,0.382284382,0.617715618,0.198279827,0.066591486,5.70962245,1.538645884,,
40109107221,0.540755467,0.192345924,0.164015905,0.241792929,0.097442144,0.506461233,0.022451456,0.084210526,0.304506699,0.020465116,0.172465209,0.142147117,0.066991474,0.080389769,0,210.0099617,0.677218709,290.1837758,0.028705639,0.398755594,0.601244406,3.09E-04,0.011866631,0.273441592,0.726558408,0.185022429,0.102100635,4.969157826,0.749218612,,
40109107222,0.565754634,0.155339806,0.25419241,0.20493992,0.091775924,0.741394528,0.047589617,0.084705882,0.646007151,0.020809249,0.262577229,0.150044131,0.044100119,0.125148987,0.017878427,206.717363,0.526505621,252.5600434,0.023605507,0.462038507,0.537961493,4.01E-04,0.016372327,0.451396648,0.548603352,0.140858054,0.131059346,5.337223714,1.141622571,,
40109107223,0.587449518,0.174588381,0.178347935,0.33403895,0.22354813,0.60795278,0.016465863,0.090642321,0.454256165,0.039596273,0.232991612,0.183286735,0.155131265,0.143993636,0.007955449,207.6277137,0.568175371,328.3529479,0.033879709,0.480245376,0.519754624,3.15E-04,0.012160481,0.487622337,0.512377663,0.161320967,0.087643359,5.325557188,1.129184604,,
40109107224,0.459372486,0.206221507,0.063104189,0.19781767,0.092926491,0.437382676,0.028647568,0.060092007,0.281553398,0.003208556,0.183772166,0.196399785,0.042302358,0.060332871,0.006934813,209.3550944,0.647243276,372.9111162,0.039919848,0.433144946,0.566855054,2.64E-04,0.009662758,0.349141825,0.650858175,0.210102021,0.182408278,4.627117951,0.384561616,,
40109107225,0.470362473,0.18891258,0.129213483,0.274325173,0.165786695,0.585927505,0,0.064947029,0.435058078,0,0.231201383,0.28781331,0.263991552,0.157338965,0.006335797,205.3192445,0.462509132,298.4646483,0.029828163,0.505876881,0.494123119,4.15E-04,0.017057977,0.564169139,0.435830861,0.126445185,0.043128734,4.870137194,0.643650317,,
40109107226,0.482880339,0.197317331,0.178256265,0.238527942,0.058774139,0.773738087,0.021547933,0.043171115,0.610411419,0.145356662,0.250264737,0.077656195,0.085642317,0.153652393,0.033585223,207.0660814,0.542467611,402.8045253,0.043972086,0.422291091,0.577708909,5.49E-04,0.02362062,0.391337386,0.608662614,0.140688662,0,5.2879026,1.089040136,,
40109107302,0.396310935,0.206587615,0.23372859,0.359248185,0.031914894,0.516996047,0.027284002,0.133920437,0.432301741,0.036824877,0.3085639,0.091963109,0.060928433,0.154738878,0,203.9267449,0.398769838,366.8686175,0.039100749,0.428636916,0.571363084,2.80E-04,0.010446358,0.460526316,0.539473684,0.127394541,0.098486056,4.776345953,0.543657204,,
40109107303,0.476855895,0.19650655,0.178854626,0.247232472,0.10483871,0.44279476,0.070938215,0.03047619,0.497311828,0.058823529,0.234934498,0.224454148,0.137096774,0.255376344,0.016129032,202.8358101,0.348834159,839.5212133,0.103171766,0.404811334,0.595188666,0.001356637,0.063174606,0.459682205,0.540317795,0.049097984,0.145947522,5.018356068,0.80167005,,
40109107305,0.494195688,0.262852405,0.315104167,0.24801812,0.112840467,0.311774461,0.033953998,0.077715356,0.634241245,0.084432718,0.2421875,0.267361111,0.124513619,0.274319066,0.056420233,200.4618242,0.240169004,603.0071442,0.071110804,0.507462806,0.492537194,8.49E-04,0.038313107,0.702038145,0.297961855,0.04145392,0.191764706,4.913240744,0.689604056,,
40109107306,0.540827867,0.116037096,0.228006365,0.24982382,0.007824726,0.40330242,0.064965986,0.051123734,0.519561815,0.032258065,0.211490613,0.236371862,0.021909233,0.143192488,0.020344288,203.8380104,0.394708168,525.5773012,0.060614704,0.394939995,0.605060005,7.15E-04,0.031750463,0.460522619,0.539477381,0.086758242,0.066252971,4.631662312,0.389406469,,
40109107401,0.492718075,0.184271041,0.171437365,0.168646081,0.100176523,0.747968726,0.062513519,0.02976091,0.388790821,0.019690577,0.103633298,0.098727579,0.032215357,0.071932921,0.030450132,203.3410035,0.371958525,719.782833,0.086940479,0.464263625,0.535736375,0.001368886,0.0637745,0.594044619,0.405955381,0.084590576,0.035613871,4.287502632,0.022489498,,
40109107404,0.443264563,0.294599515,0.183189655,0.1275,0.118606375,0.621966019,0.06737172,0.034264804,0.416604893,0.028618152,0.070514821,0.136661466,0.09340252,0.132690882,0.027427724,205.6460348,0.4774674,671.9132589,0.080451459,0.457660836,0.542339164,3.26E-04,0.012699206,0.441974211,0.558025789,0.201513836,0.058493353,4.727673316,0.491766126,,
40109107405,0.501250893,0.126161544,0.082380272,0.089014223,0.048944338,0.593817012,0.038748833,0.024069199,0.334932821,0.003046716,0.101036758,0.090480679,0.01487524,0.01487524,0,203.7319924,0.389855375,753.3229857,0.091487057,0.466133779,0.533866221,0.001077212,0.049489779,0.476727273,0.523272727,0.101758545,0.042096956,3.795460428,-0.502088615,,
40109107406,0.488252218,0.18197075,0.072115385,0.069684796,0.061980348,0.593502757,0.014952701,0.001333511,0.560468632,0,0.036314621,0.088011418,0.026455026,0.026455026,0,202.7114634,0.343142401,1142.499334,0.144242346,0.470985114,0.529014886,8.50E-04,0.038362082,0.573366013,0.426633987,0.098001745,0,3.800894635,-0.496295074,,
40109107407,0.372294372,0.246753247,0,0,0.051652893,0.19047619,0.063076923,0,0.51446281,0,0,0.445887446,0.020661157,0,0,196.8671735,0.075630001,2012.929825,0.262234646,0.646747304,0.353252696,0.001617003,0.075926018,0.899468111,0.100531889,0.006281431,0,2.779121719,-1.58563193,,
40109107806,0.506496575,0.294590125,0.116435074,0.104173304,0.195402299,0.53579022,0.007778469,0,0.349425287,0.130386122,0.165139826,0.18539055,0.108045977,0.17183908,0.029310345,197.2716951,0.094146287,950.385425,0.118200104,0.581753778,0.418246222,0.002865351,0.137063805,0.961051607,0.038948393,2.38E-05,0.054297373,3.761129236,-0.538689929,,
40109107807,0.455066922,0.31612492,0.103887827,0.060715722,0.173361522,0.547801147,0.019047619,0.002035278,0.376321353,0,0.100737889,0.228424767,0.208597604,0.203664553,0.004933051,204.9113729,0.443839505,758.7600434,0.092224084,0.408720336,0.591279664,9.62E-05,0.001444761,0.875,0.125,0,0.06642806,4.120936248,-0.155090958,,
40109107808,0.597039474,0.282346491,0.052083333,0.067690161,0.096899225,0.589912281,0.030040053,0,0.466408269,0.051995163,0.114035088,0.149122807,0.034883721,0.095607235,0.010335917,206.1756931,0.501711605,258.8412781,0.024456967,0.442602514,0.557397486,1.23E-04,0.00275729,0.611111111,0.388888889,0,0.108882834,4.22249429,-0.04681747,,
40109107900,0.557291667,0.172395833,0.339733333,0.156213018,0.053482587,0.875520833,0.066511085,0.002698327,0.506218905,0.025727069,0.197866667,0.148266667,0.185323383,0.430348259,0.017412935,199.7993078,0.209843446,832.1122525,0.102167435,0.569227476,0.430772524,0.001151049,0.053105943,0.829089641,0.170910359,0.041391791,0.143462687,4.886664753,0.661270749,,
40109108003,0.54400607,0.153768336,0.174353776,0.079325197,0.104373178,0.836368235,0.058252427,0.004935563,0.832069971,0.136058231,0.133502538,0.153299492,0.080466472,0.179591837,0.017492711,197.4646007,0.102976212,2107.725025,0.275084728,0.658799399,0.341200601,9.88E-04,0.045120625,0.970588235,0.029411765,0,0.053855539,4.335513504,0.073675052,,
40109108005,0.521876232,0.350019708,0.056759953,0.029814272,0.24010327,0.715017737,0.051491819,0,0.352839931,0.037004405,0.093601896,0.209320695,0.085197935,0.264199656,0,198.0771802,0.131015993,1862.370496,0.241825386,0.594624226,0.405375774,0.0021129,0.100212551,0.937717942,0.062282058,0.003807302,0.099118388,4.050884962,-0.229774331,,
40109108101,0.521283288,0.247011952,0.018277311,0.018582047,0.103512015,0.277416649,0.009668508,0,0.019716574,0.001402525,0.058922559,0.10016835,0.012322859,0.017252002,0.01663586,198.1964266,0.136474294,2529.793882,0.332298803,0.640338468,0.359661532,0.001757309,0.082797498,0.947760279,0.052239721,0.017255418,0.049778696,2.452678461,-1.933660995,,
40109108109,0.498074669,0.26402143,0.042260607,0.01746507,0.065392354,0.26385401,0.004644341,0.000373134,0.041750503,0.011734507,0.031474971,0.08956973,0.015090543,0.019114688,0.00804829,204.8333924,0.440270081,427.3796914,0.047303404,0.338527256,0.661472744,7.13E-05,0.000225285,0.511363636,0.488636364,4.12E-04,0.032741021,3.043929746,-1.303313679,,
40109108110,0.492802303,0.233445298,0.021744758,0.035897436,0.13283208,0.285028791,0.017495396,0.000993542,0.065789474,0,0.057187017,0.160484286,0.018796992,0.018796992,0,201.8921246,0.305638565,820.5735012,0.100603285,0.612429754,0.387570246,7.60E-04,0.033954336,0.785824254,0.214175746,0.056458354,0.041884422,2.681579319,-1.689624246,,
40109108226,0.559774243,0.111852232,0.055036345,0.07992074,0,0.510005131,0.094401042,0.01160221,0.485897436,0.028156222,0.061594203,0.109730849,0,0,0,215.5676028,0.93161025,2558.239455,0.336154778,0.467687233,0.532312767,5.33E-04,0.022837021,0.33086138,0.66913862,0.10615109,0,4.706175179,0.468846442,,
40109108227,0.482392027,0.087707641,0.056418919,0.040185471,0.021656051,0.4089701,0,0,0,0,0.028571429,0.136877076,0.020382166,0,0.020382166,213.0056542,0.814341423,2041.431367,0.266098208,0.493170945,0.506829055,3.16E-04,0.012209456,0.499445676,0.500554324,0.168949341,0,3.572524853,-0.739765631,,
40109108228,0.557655955,0.156899811,0,0.017094017,0.021113244,0.274102079,0,0,0.076775432,0,0.090792839,0.056265985,0.021113244,0,0,214.1253532,0.865593735,1216.797513,0.154313929,0.48146642,0.51853358,3.95E-04,0.016078477,0.404469274,0.595530726,0.166426021,0,3.588289074,-0.722959013,,
40109108233,0.479084451,0.251381215,0.005352895,0.005167959,0.092112229,0.575177585,0.005915493,0.039506173,0.236103759,0,0.052017405,0.069620253,0.013234516,0.013234516,0.013234516,215.2932498,0.919052209,1661.21468,0.214557457,0.447189949,0.552810051,4.74E-04,0.019947499,0.30464135,0.69535865,0.125567165,0,4.378435996,0.11943576,,
40109108234,0.498853211,0.153287462,0.008600917,0.031059198,0.046582278,0.332568807,0.005194805,0.007197203,0.201012658,0,0.032746074,0.077939487,0.008101266,0.004050633,0,211.628854,0.751320743,1012.991054,0.126686688,0.500013902,0.499986098,5.45E-04,0.023424721,0.539861189,0.460138811,0.142890105,0.035150547,3.446791712,-0.873812778,,
40109108235,0.58141292,0.193048734,0.017000378,0.052150538,0.073196986,0.666414809,0.016877637,0.001752848,0.11517761,0.013265951,0.034000756,0.070646014,0.044133477,0,0,212.1546918,0.775390071,602.0407324,0.070979801,0.484027148,0.515972852,7.26E-04,0.032289187,0.571388341,0.428611659,0.111748483,0,3.814070711,-0.48224774,,
40109108236,0.605507631,0.163238222,0.02256138,0.069148936,0.022727273,0.283676178,0.114893617,0,0.583333333,0,0.054648451,0.067310896,0,0,0,217.0617265,1.000001213,779.6656504,0.09505797,0.459000895,0.540999105,2.10E-04,0.007018111,0.377884615,0.622115385,0.274493685,0.019827801,4.546559187,0.298675966,,
40109108237,0.47063197,0.191821561,0.086245353,0.026370217,0.049197861,0.313754647,0.010090817,0.004347826,0.118716578,0,0.072862454,0.066542751,0.022459893,0.022459893,0,215.2833298,0.918598138,540.0813989,0.062580826,0.470454767,0.529545233,3.13E-04,0.012062531,0.424940429,0.575059571,0.197800001,0,3.751148121,-0.549331038,,
40109108238,0.503041363,0.154501217,0.076034063,0.031890661,0.070889894,0.527980535,0.024297646,0.018592297,0.211161388,0,0.137469586,0.132603406,0.063348416,0,0,212.8872211,0.80892035,404.046205,0.044140404,0.530508103,0.469491897,4.82E-04,0.020339298,0.552247191,0.447752809,0.165247835,0,3.907703065,-0.38242402,,
40109108301,0.61634103,0.325488455,0.161190053,0.050997783,0.260476582,0.728685613,0.022690438,0.001885014,0.164338537,0.022840119,0.08259325,0.229129663,0.058340181,0.258833196,0.029580937,202.344934,0.326365143,755.3970461,0.091768209,0.614401799,0.385598201,0.001203087,0.055654501,0.864533308,0.135466692,0.024500015,0.147341448,4.18010506,-0.092009655,,
40109108302,0.513279933,0.225548061,0.0445629,0.008972058,0.061065197,0.418212479,0.003003003,0,0.525252525,0.008530806,0.0596543,0.118043845,0.084481175,0.08953168,0.041322314,204.8967322,0.443169352,966.4611772,0.120379272,0.580362286,0.419637714,0.001022557,0.046813053,0.753390002,0.246609998,0.048881735,0.039710611,3.566662011,-0.746016148,,
40109108307,0.518967742,0.263741935,0.059096774,0.074983188,0.163739377,0.693419355,0.016219795,0.017010597,0.260056657,0,0.144258065,0.125419355,0.047592068,0.150141643,0,214.2228719,0.870057487,348.1096535,0.036557854,0.430496862,0.569503138,3.20E-04,0.012405356,0.366563118,0.633436882,0.238101535,0.038823529,4.933532332,0.71123741,,
40109108309,0.528645833,0.158854167,0.182291667,0.0997921,0.06517094,0.82421875,0.034572733,0.003722662,0.520299145,0.035005834,0.107550483,0.174714662,0.09508547,0.200854701,0.036324786,208.400725,0.603558645,561.1167669,0.065432301,0.49739024,0.50260976,2.30E-04,0.00799761,0.525568182,0.474431818,0.207723686,0.099195937,5.02805369,0.812008919,,
40109108310,0.545985401,0.239416058,0.109833024,0.055411255,0.162071284,0.81459854,0.032381764,0.032574568,0.68661735,0.0377943,0.138495905,0.103871929,0.154001345,0.199058507,0,211.011134,0.723045663,703.8657356,0.084782817,0.495522756,0.504477244,7.94E-04,0.035619484,0.569862243,0.430137757,0.096827252,0.070763862,5.25776531,1.056910041,,
40109108314,0.543900804,0.153485255,0.21347185,0.044303797,0.075436409,0.785857909,0.088052914,0.010144928,0.829177057,0.124751161,0.214477212,0.181300268,0.12967581,0.181421446,0.036159601,215.2801121,0.918450853,576.3487829,0.067497096,0.412293897,0.587706103,0.001151503,0.053128177,0.417653631,0.582346369,0.077372532,0.070631255,5.968748807,1.814906769,,
40109108317,0.502337541,0.177419355,0.0529274,0.015738118,0.091160221,0.419354839,0.03179792,0.01012724,0.264088398,0.011586097,0.052492174,0.110281724,0.032044199,0.040883978,0.013259669,214.4573406,0.880789891,517.8480223,0.059566952,0.304527896,0.695472104,2.34E-04,0.00819351,0.042253521,0.957746479,0,0.045337243,4.472605053,0.219831672,,
40109108318,0.513589195,0.149069346,0.053,0.056240197,0.068408551,0.536979081,0.06993007,0.026600309,0.201425178,0.016779722,0.087838962,0.110963234,0.006175772,0.005225653,0.003800475,211.6039282,0.750179807,371.7808787,0.039766637,0.429575095,0.570424905,0.0010701,0.049141469,0.419316843,0.580683157,0.131296432,0.032063931,4.059582083,-0.22050212,,
40109108319,0.550155925,0.136954262,0.140852391,0.031082529,0.130408654,0.296517672,0.038178634,0.009358657,0.750600962,0.005813953,0.116727462,0.122199062,0.061298077,0.131610577,0.006610577,214.1528801,0.866853731,246.9272998,0.022841953,0.372395976,0.627604024,5.90E-04,0.025628594,0.283703704,0.716296296,0.15945582,0,4.947049812,0.725648723,,
40109108320,0.539934191,0.204905773,0.164746052,0.026375283,0.246236559,0.110080766,0.039284462,0,0.369892473,0.051229508,0.109304426,0.146642578,0.137634409,0.147311828,0,210.1951069,0.685693415,609.9012656,0.072045345,0.469023471,0.530976529,7.26E-04,0.032289187,0.514417532,0.485582468,0.11206391,0.024166299,4.236395462,-0.031997094,,
40109108321,0.364220183,0.296330275,0.148623853,0.112765957,0.075286416,0.733027523,0.04787234,0,0.931260229,0,0.152293578,0.189908257,0.132569558,0.130932897,0,216.9293483,0.993941827,228.6132357,0.020359367,0.340023577,0.659976423,3.32E-04,0.012993055,0.169550173,0.830449827,0.234251521,0,6.067063086,1.919722004,,
40109108322,0.556634304,0.16828479,0.131155193,0.087515684,0.110974611,0.667822469,0.007180768,0.031448136,0.880835381,0.090585443,0.183167169,0.088337584,0.149467649,0.192055692,0.029074529,216.1701149,0.959189213,563.3151656,0.065730308,0.412522391,0.587477609,4.48E-04,0.01867415,0.273111782,0.726888218,0.175710392,0.034666915,5.942876207,1.787323364,,
40109108323,0.533916189,0.215254748,0.10841914,0.037721614,0.083473389,0.395538137,0.006681514,0,0.557422969,0,0.172173386,0.111852076,0.012885154,0.038655462,0.008963585,213.8929741,0.854956978,400.5762825,0.043670034,0.455869391,0.544130609,3.98E-04,0.016225402,0.481761334,0.518238666,0.138005323,0,4.398184375,0.140489986,,
40109108324,0.510930668,0.237976265,0.006246096,0,0.143307087,0.086820737,0.00610687,0,0.045669291,0,0.021861337,0.067457839,0,0,0,212.2456224,0.779552264,513.4381143,0.058969162,0.497240908,0.502759092,8.01E-04,0.035962309,0.588007737,0.411992263,0.119487858,0.026564325,3.061663462,-1.284407334,,
40109108325,0.571201273,0.229116945,0.009745426,0.042647466,0.111734694,0.473349244,0.001084305,0.01759593,0.229081633,0,0.026,0.1492,0.034693878,0.034693878,0.007142857,215.9851317,0.950721923,462.4207553,0.052053439,0.440362809,0.559637191,3.27E-04,0.012748181,0.328349945,0.671650055,0.225479764,0,4.409578082,0.152637092,,
40109108326,0.581166165,0.110594032,0.19430729,0.034821146,0.05326087,0.499041883,0.020173805,0,0.847282609,0,0.112664005,0.093839133,0.088043478,0.168478261,0,214.9373189,0.902760079,340.693127,0.035552498,0.387478132,0.612521868,5.67E-04,0.02450217,0.360335952,0.639664048,0.080126096,0.032520488,5.131319924,0.922103552,,
40109108402,0.559782609,0.298136646,0.073380172,0.026008969,0.223088924,0.168478261,0.04456328,0.011308562,0.098283931,0,0.048913043,0.145186335,0.018720749,0.067082683,0.023400936,207.8545125,0.578556699,396.0777694,0.043060233,0.272305058,0.727694942,2.12E-04,0.007116061,1,0,1.50E-04,0.128420257,3.291333292,-1.039550765,,
40109108506,0.50714911,0.267580975,0.049314269,0.013318113,0.093520374,0.404143566,0.030708092,0.00604518,0.297929192,0.180459156,0.065655092,0.103005544,0.006012024,0.012024048,0,211.3132028,0.736872347,419.1045472,0.046181656,0.448083462,0.551916538,2.93E-04,0.011083032,0.429801895,0.570198105,0.166835625,0.051954094,4.171906133,-0.10075073,,
40109108507,0.505645161,0.329032258,0.013709677,0.023210832,0.182228916,0.234677419,0.003752345,0,0.231927711,0,0.021043771,0.069023569,0.037650602,0.022590361,0,207.7839531,0.575326963,352.5843936,0.037164433,0.428823357,0.571176643,3.61E-04,0.014413329,0.486870121,0.513129879,0.160877984,0.150869565,3.697451419,-0.606578393,,
40109108508,0.529787234,0.243085106,0.035924933,0.071174377,0.130498534,0.471808511,0.017555706,0.018348624,0.24340176,0.015479876,0.073027719,0.161513859,0.016129032,0.036656891,0.007331378,196.3193519,0.050554402,1077.184148,0.135388464,0.437826077,0.562173923,0.004820877,0.232835601,0.682891876,0.317108124,0.016230661,0.0951,3.481114714,-0.837220194,,
40109108513,0.468375592,0.334633603,0.029813318,0.042801556,0.106437221,0.378099749,0.034164674,0,0.286169535,0,0.092226247,0.155196434,0.033142129,0.03250478,0.005736138,211.8288425,0.760474875,534.4340699,0.061815295,0.47743423,0.52256577,3.43E-04,0.01353178,0.51,0.49,0.171294034,0.048159177,4.067141907,-0.212442409,,
40109108514,0.534639274,0.196129957,0.100334448,0.079847909,0.097943723,0.494983278,0.007427213,0.00587334,0.502164502,0,0.094004796,0.136211031,0.08982684,0.106601732,0,213.9988893,0.859805065,308.7368443,0.031220624,0.430773023,0.569226977,3.41E-04,0.01343383,0.349267271,0.650732729,0.217571774,0.038630465,4.826609507,0.597244396,,
40109108515,0.518485915,0.363996479,0.028912345,0.09191974,0.325711382,0.351012324,0.028548344,0.011952191,0.493902439,0.021074816,0.030977513,0.245754933,0.106199187,0.131605691,0,213.1476598,0.820841487,426.0060398,0.047117197,0.465267683,0.534732317,4.84E-04,0.020437248,0.451583914,0.548416086,0.17147156,0.036953185,4.930022379,0.707495364,,
40109108520,0.492699011,0.252943947,0.033443241,0.012673506,0.149885584,0.305699482,0.00464846,0,0.267734554,0,0.082901554,0.064060292,0.041189931,0.060640732,0,209.9673704,0.675269165,545.21876,0.063277227,0.528133617,0.471866383,4.38E-04,0.0181844,0.570025989,0.429974011,0.137109555,0.091946667,3.656147703,-0.650613285,,
40109108521,0.437096774,0.186290323,0.102419355,0.087254902,0.018549747,0.563709677,0.021093001,0.021929825,0.659359191,0.054812834,0.109477124,0.182189542,0,0.015177066,0,215.0200335,0.906546199,474.3176874,0.053666143,0.329343401,0.670656599,6.43E-04,0.028224266,0.248305607,0.751694393,0.148966176,0.123352034,5.142465171,0.933985771,,
40109108523,0.45285105,0.173432317,0.028330415,0.065920398,0.03880597,0.395198231,0.018232263,0.011390683,0.266950959,0,0.099036487,0.094455852,0.014498934,0.014498934,0,215.5582071,0.931180177,545.6470302,0.063335282,0.471211743,0.528788257,4.21E-04,0.017351826,0.39394629,0.60605371,0.199498939,0.03298624,4.052796924,-0.227735942,,
40109108524,0.510470701,0.292603266,0.020941402,0.039391673,0.072762087,0.457252642,0.031501832,0.017498509,0.040689325,0.00360036,0.152895753,0.094015444,0.064145524,0.016754428,0.00239349,213.2612029,0.826038729,1507.32898,0.193697287,0.455717237,0.544282763,5.30E-04,0.022690096,0.417600588,0.582399412,0.15734961,0.052548656,4.195922989,-0.075145777,,
40109108525,0.444811321,0.168396226,0.029716981,0.071473354,0.044973545,0.510849057,0.021752266,0.023637241,0.252645503,0,0.141433318,0.09492169,0.03042328,0.03042328,0,213.4947056,0.836726917,1341.51075,0.171219589,0.463660965,0.536339035,2.41E-04,0.008536335,0.355322339,0.644677661,0.220532616,0.082202183,4.365691397,0.105848434,,
40109108526,0.519194854,0.172027392,0.105001038,0.055888768,0.087197581,0.368956215,0.018101888,0.014875666,0.474798387,0.036956522,0.083752094,0.149078727,0.020665323,0.056955645,0,213.5564938,0.839555166,617.7806669,0.073113448,0.435532157,0.564467843,4.82E-04,0.020339298,0.365594755,0.634405245,0.193356486,0.037824773,4.526512359,0.277303558,,
40109108527,0.51372549,0.222222222,0.058705804,0.003240616,0.083546462,0.491285403,0.014446228,0.003206596,0.446717818,0,0.075,0.087723214,0.061807332,0.032821824,0,214.7473297,0.894063648,466.3838292,0.052590659,0.438355771,0.561644229,3.03E-04,0.011572782,0.326261468,0.673738532,0.213983951,0.033700354,4.535743163,0.287144742,,
40109108528,0.483735572,0.253934942,0.102133613,0.051354402,0.028368794,0.649178034,0.0349087,0.000834028,0.328267477,0,0.092631579,0.12,0.04964539,0.089159068,0.015197568,211.6808769,0.753702002,675.7161114,0.08096696,0.490412039,0.509587961,6.37E-04,0.027930416,0.539825423,0.460174577,0.115795004,0.082041763,4.32954785,0.067314924,,
40109108529,0.50017838,0.358187656,0.025799419,0.026002644,0.084916201,0.124509454,0.013396716,0,0.023463687,0,0.051730289,0.089546914,0.011173184,0.011173184,0,212.6251168,0.796922973,350.4130715,0.036870097,0.453560172,0.546439828,3.90E-04,0.015833603,0.383484163,0.616515837,0.196396022,0.058756254,3.587812341,-0.723467269,,
40109108530,0.546764706,0.185294118,0.055904335,0.053604436,0.068136273,0.407941176,0.021446747,0.02946593,0.283233133,0,0.057698057,0.100149477,0.03006012,0.022044088,0.008684035,215.1305899,0.91160673,433.2902182,0.048104613,0.466646426,0.533353574,5.42E-04,0.023277796,0.449775533,0.550224467,0.178337808,0.04435562,4.159687238,-0.113777589,,
40109108531,0.494277539,0.163984263,0.011844023,0.010074074,0.027239709,0.376967096,0.006406685,0.009000196,0.113801453,0,0.030628694,0.050868709,0.010290557,0.010895884,0,212.826587,0.806144927,654.5188429,0.078093537,0.51958862,0.48041138,6.39E-04,0.028028366,0.541421774,0.458578226,0.10710696,0,3.274642279,-1.057345458,,
40109108532,0.563496751,0.312463083,0.010632014,0.006644518,0.045851528,0.373892499,0.006912442,0,0.037117904,0,0.01659751,0.062240664,0.037117904,0.085152838,0,209.3787052,0.64832402,834.6321755,0.102509026,0.55554226,0.44445774,0.00245152,0.11679645,0.816186557,0.183813443,0.008324829,0,3.062345164,-1.283680555,,
40109108534,0.546821306,0.178049828,0.020950324,0.035367941,0.032911392,0.37564433,0.054061625,0.005234356,0.473924051,0.008205494,0.091360691,0.065442765,0,0.01164557,0,210.5216597,0.700640812,948.2240369,0.117907114,0.503633585,0.496366415,0.001269144,0.05888964,0.638640008,0.361359992,0.058840173,0,3.693623819,-0.610659089,,
40109108535,0.541224122,0.131323132,0.010711071,0.019329164,0.013440092,0.416291629,0.011507781,0,0.142121819,0,0.039873131,0.030539193,0,0,0,211.8363687,0.760819374,1076.820138,0.13533912,0.512174486,0.487825514,0.001127041,0.051930152,0.602670264,0.397329736,0.07541912,0.02990159,3.29492574,-1.035720769,,
40109108536,0.553308049,0.247576907,0.04389929,0.050620821,0.123492723,0.387905605,0,0.011144449,0.304365904,0,0.059257651,0.062730627,0,0.020790021,0.006237006,211.7146804,0.7552493,748.8959686,0.090886947,0.47701887,0.52298113,5.18E-04,0.022102397,0.425410584,0.574589416,0.186376145,0.026044776,4.049559164,-0.231187797,,
40109108537,0.524244332,0.302581864,0.047229219,0.022711864,0.096385542,0.28872796,0.003046716,0,0.432687271,0,0.050377834,0.097292191,0.040859089,0.029858565,0.005238345,210.0590255,0.679464521,685.1700961,0.082248506,0.487362476,0.512637524,8.84E-04,0.04002723,0.495385531,0.504614469,0.107328376,0.052350814,3.919912233,-0.369407531,,
40109108538,0.550107373,0.279169649,0.097709377,0.01897019,0.139882889,0.330708661,0,0,0.456733897,0.035073409,0.03614889,0.122047244,0.029277814,0.061808718,0,209.724059,0.664132001,518.9422735,0.059715285,0.509660557,0.490339443,6.46E-04,0.028371191,0.516841211,0.483158789,0.152739212,0,4.036094032,-0.2455433,,
40109108603,0.521949405,0.224330357,0.038317055,0.108591885,0.046454768,0.404389881,0.024093124,0.024458271,0.223105134,0.034936293,0.065364388,0.111006762,0.027506112,0.03606357,0,203.9879821,0.401572867,985.4096627,0.122947858,0.550284767,0.449715233,0.00108711,0.049974533,0.739234093,0.260765907,0.051635478,0.089042401,3.316221282,-1.013017076,,
40109108604,0.51180539,0.25375626,0.153085824,0.119964716,0.207456979,0.3508228,0.010973145,0.036117381,0.296845124,0.002901354,0.112316221,0.183899735,0.024378585,0.177820268,0.003824092,206.3929534,0.511656325,956.7070119,0.119057034,0.396159709,0.603840291,0.001445353,0.067519468,0.463176952,0.536823048,0.086199614,0.082926829,4.453990483,0.199986229,,
40109108701,0.545918367,0.324568289,0.040816327,0.06138231,0.049878345,0.270800628,0.014974263,0.001626016,0.070559611,0.016559338,0.074862096,0.158786446,0.03163017,0.060827251,0.008515815,196.2976189,0.049559611,1286.534642,0.163767233,0.67526965,0.32473035,0.001061662,0.048728218,0.937785813,0.062214187,0.021194479,0.073586398,2.475485748,-1.909345593,,
40109108707,0.500229358,0.233715596,0.074056931,0.051011434,0.094617564,0.45206422,0.020662327,0.001926782,0.196600567,0.022918616,0.056752874,0.171695402,0.040793201,0.060056657,0.006232295,196.6382108,0.065149624,1480.505765,0.190061233,0.55980485,0.44019515,2.77E-04,0.010299433,0.922222222,0.077777778,0.002598424,0.05480741,2.824222875,-1.537548495,,
40109108708,0.473470309,0.240234816,0.063506464,0.05380334,0.073785243,0.185143373,0.013282172,0.011480507,0.157768446,0,0.09047619,0.103174603,0.032393521,0.059988002,0.00659868,196.5880393,0.062853109,2813.598917,0.370770351,0.710227839,0.289772161,9.37E-04,0.042622903,0.932604736,0.067395264,0.00883833,0.05917867,2.466536453,-1.918886653,,
40109108709,0.476265823,0.250632911,0.037974684,0.084147896,0.242890085,0.208227848,0.006890961,0,0.036894696,0.005860806,0.052497614,0.233216672,0.03074558,0.075326672,0,197.142474,0.088231411,3737.255215,0.495977742,0.705583889,0.294416111,0.001570112,0.073629534,0.9416733,0.0583267,0.006737447,0.055878895,2.814770088,-1.547626341,,
40109108710,0.541616695,0.267450228,0.060206284,0.027036395,0.055782313,0.369872871,0.008110848,0,0.195238095,0,0.039377735,0.077540107,0.049659864,0.049659864,0,197.2375381,0.092582808,2068.795526,0.269807591,0.632343639,0.367656361,5.46E-04,0.023473696,0.923312883,0.076687117,0.010097355,0,2.581856227,-1.79594145,,
40109108712,0.505319149,0.203355155,0.031557377,0.082729469,0.069333333,0.457446809,0.012,0,0.033333333,0.032702238,0.017083333,0.072083333,0.022666667,0.029333333,0,196.6868922,0.067377932,1606.689943,0.207166288,0.675685539,0.324314461,0.00107131,0.049200729,0.936958614,0.063041386,0.018050593,0,2.298094917,-2.098466255,,
40109108713,0.487783846,0.229376258,0.098209128,0.095388948,0.078333333,0.182236275,0.031444368,0.003969466,0.111666667,0.02930622,0.104039523,0.170880558,0.060833333,0.104166667,0.034166667,196.3730123,0.053010615,2112.395805,0.275717882,0.695876307,0.304123693,0.001225427,0.056748602,0.959460383,0.040539617,0.014298965,0.039230456,2.605471086,-1.770765076,,
40109108803,0.435747664,0.278037383,0.168235294,0.222060958,0.165789474,1.012850467,0.108069164,0.024875622,0.147368421,0,0.147196262,0.216121495,0.181578947,0.252631579,0.052631579,196.9364561,0.078801294,829.0317868,0.101749859,0.698790204,0.301209796,8.02E-04,0.036011284,0.986186841,0.013813159,0.012337267,0.231985294,4.189102261,-0.082417521,,
40109108804,0.513919414,0.21025641,0.078918118,0.082463984,0.131658291,0.495604396,0.00614948,0.003907776,0.12160804,0.034482759,0.09010989,0.156410256,0.066331658,0.213065327,0.023115578,197.515068,0.105286266,2197.02407,0.287189772,0.680252228,0.319747772,0.001266537,0.058761962,0.982240632,0.017759368,0.008706545,0.082404247,3.10785731,-1.235158954,,
40109108805,0.486591026,0.197266632,0.099895123,0.135483871,0.168821839,0.367715317,0.023982558,0.018381344,0.287356322,0,0.117586385,0.12686952,0.04454023,0.132902299,0,202.6345054,0.33961978,1425.675207,0.182628608,0.556457548,0.443542452,6.97E-04,0.030868914,0.819548872,0.180451128,0.045412951,0.031226141,3.461142439,-0.858513121,,
40109108900,0.506772297,0.204191158,0.098554534,0.162706983,0.060560182,0.326603629,0.025766017,0.02380301,0.28009084,0.003984064,0.154227557,0.129697286,0.05677517,0.118092354,0.021196064,195.7101426,0.022668885,4762.428398,0.634946381,0.688843017,0.311156983,0.00189605,0.089592332,0.97667055,0.02332945,0.004941855,0.056779661,3.316436693,-1.012787421,,
40109109001,0.470879121,0.198901099,0.054353855,0.166897507,0.068253968,0.362637363,0.045859001,0,0.1,0,0.15989011,0.151648352,0.03015873,0.117460317,0,195.2149018,8.23919E-08,4800.553701,0.640114505,0.709929554,0.290070446,0.002002635,0.094812328,0.981826391,0.018173609,0.002743595,0.098073218,3.070927206,-1.274531032,,
40109109202,0.490431398,0.24456698,0.04040404,0.085574572,0.266720387,0.208887447,0.026419558,0.002050581,0.119258662,0,0.124634859,0.144758195,0.051571313,0.087832393,0.029008864,195.7206179,0.023148374,4149.665699,0.551882563,0.673985774,0.326014226,0.002197461,0.104353922,0.969899079,0.030100921,0.001938309,0.08192975,3.041487315,-1.305917613,,
40109109205,0.498666667,0.140333333,0.070193286,0.012010676,0.09760274,0.223333333,0.013842282,0,0,0.009186352,0.025093252,0.068836894,0.000856164,0.017979452,0,197.7299962,0.115124238,3860.558611,0.512692288,0.679844461,0.320155539,0.001532478,0.07178641,0.938487585,0.061512415,0.00883854,0,2.268043862,-2.130504414,,
40109109300,0.560077519,0.144379845,0.124515504,0.108426966,0.077413479,0.387596899,0.056509695,0.002039776,0.474499089,0.013964313,0.175557711,0.129970902,0.081967213,0.0856102,0.044626594,207.512248,0.562890126,438.5077996,0.048811889,0.507892281,0.492107719,1.98E-04,0.006430411,0.601453664,0.398546336,0.158558527,0.213480055,4.347980768,0.086966704,,
40109109400,0.441064639,0.20640956,0.049972841,0.017678709,0.08778626,0.129277567,0.013452915,0.003004808,0.46437659,0,0.02568306,0.035519126,0.022900763,0.027989822,0.010178117,207.5200564,0.563247542,361.6075536,0.038387579,0.455490438,0.544509562,2.36E-04,0.00829146,0.532554257,0.467445743,0.160277116,0.338412017,3.655865796,-0.650913833,,
40109109500,0.536040012,0.20211827,0.254425443,0.201187825,0.147955873,0.865254487,0.053221289,0,0.580142764,0.066315789,0.154190277,0.260363853,0.303049968,0.303049968,0.071382219,202.5912684,0.33764068,520.1768307,0.059882637,0.475457781,0.524542219,6.28E-04,0.027489642,0.601925492,0.398074508,0.061502849,0.104359465,5.512190036,1.328158405,,
40109109600,0.561151079,0.035971223,0.174114022,0.026282854,0.010893246,0.332134293,0.016270338,0.009791922,0.982570806,0.051587302,0.048959608,0.036719706,0,0.019607843,0.006535948,209.9021867,0.672285493,259.0595258,0.024486552,0.32789306,0.67210694,3.67E-04,0.014707179,0.271518544,0.728481456,0.124780464,0.474370709,5.023808983,0.807483534,,
40109109700,0.470403353,0.124148769,0.122053431,0.01713654,0.137090632,0.380827658,0.008259912,0,0.821020564,0.054711246,0.045179063,0.076033058,0.033511043,0.047981721,0,208.720012,0.618173462,620.5236383,0.073485274,0.319504181,0.680495819,4.44E-04,0.01847825,0.286312583,0.713687417,0.080919083,0.596368715,5.119965011,0.909997805,,
40109109800,0.601941748,0.114563107,0.442718447,0.144702842,0.111111111,0.94368932,0.062972292,0.048879837,0.673611111,0,0.267961165,0.122330097,0.111111111,0.111111111,0,209.82054,0.668548254,383.9078892,0.041410529,0.275349487,0.724650513,3.60E-04,0.014364354,0.228665208,0.771334792,0.164237635,0.737801609,6.879050985,2.785401972,,
40109109900,0.514379622,0.096138044,0.510900474,0.23118767,0.104,0.375513558,0.03975265,0,0.76,0.062730627,0.30961183,0.268022181,0.28,0.338666667,0.024,209.4728921,0.652635265,336.0126807,0.034918034,0.30292109,0.69707891,3.96E-04,0.016127452,0.293958521,0.706041479,0.138307984,0.689380531,6.849392978,2.753782852,,
40109110000,0.22488976,0.130818226,0.261429491,0.3867534,0.056726094,0.445859873,0.106628242,0.098803952,0.586709887,0.136363636,0.336767547,0.262717321,0.191247974,0.247974068,0.056726094,208.6754038,0.616131598,407.1304303,0.04455849,0.38720628,0.61279372,5.74E-04,0.024844994,0.410004215,0.589995785,0.072583627,0.253277154,5.744600933,1.575937292,,
40109980007,0.44140625,0.25390625,0.04296875,0.031111111,0,0.23828125,0.088888889,0,0.859060403,0.179347826,0.3,0.070833333,0,0.161073826,0,210.9682294,0.721081779,245.2404924,0.022613296,0.18944993,0.81055007,3.19E-04,0.012356381,0.125703565,0.874296435,0.362640414,0,5.470416262,1.283622373,,
40125501003,0.50211685,0.211685013,0.085119932,0.130360693,0.130541872,0.295935648,0.031815688,0.002407002,0.05726601,0.003211991,0.095469941,0.182260796,0.066502463,0.092980296,0.01046798,196.9272387,0.078379383,7377.010659,0.989369366,0.726330708,0.273669292,0.003447304,0.165564926,0.980902778,0.019097222,0.007775957,0.045818775,3.477817096,-0.840735864,,
